domain,score,tranco_rank,category,sector_tags,theme,plugins,homepage_kb,verified_at,screenshot
utande.co.zw,100,40257,business,tech,hello-elementor,elementor;elementor-pro;safe-svg,81,2026-05-01T11:28:57.126271+00:00,screenshots/utande.co.zw.png
zou.ac.zw,100,115329,education,education,,,,,
zimswitch.co.zw,100,268007,business,finance,zimswitch,ewww-image-optimizer,310,2026-05-01T11:28:48.367184+00:00,screenshots/zimswitch.co.zw.png
techzim.co.zw,100,271901,news,media;tech,afrispark-twenty25-child,google-site-kit;optimization-detective;shop;widget-google-reviews;woocommerce;woocommerce-paypal-payments;wordpress-popular-posts,734,2026-05-01T11:28:46.253522+00:00,screenshots/techzim.co.zw.png
powershop.co.zw,100,388827,ecommerce,retail;tech,blonwe,ar-contactus;blonwe-core;contact-form-7;elementor;google-listings-and-ads;google-site-kit;mailchimp-for-wp;tiktok-for-business;woocommerce,265,2026-05-01T11:28:46.653189+00:00,screenshots/powershop.co.zw.png
myzimbabwe.co.zw,100,391225,news,media,Newspaper,advanced-ads;cleantalk-spam-protect;cookie-law-info;embed-any-document;feedzy-rss-feeds;gn-publisher;google-analytics-for-wordpress;jetpack;my-html-post-widgets;social-warfare;td-cloud-library;td-composer;td-standard-pack;webpushr-web-push-notifications,531,2026-05-01T11:28:52.353844+00:00,screenshots/myzimbabwe.co.zw.png
dailynews.co.zw,100,463008,news,media,inhype,Archive;adrotate;ajax-login-and-registration-modal-popup;ap-pricing-tables;contact-form-7;dflip;inhype-theme-addons;kirki;responsive-lightbox;woocommerce;woocommerce-memberships;wordpress-popular-posts,742,2026-05-01T11:28:51.589107+00:00,screenshots/dailynews.co.zw.png
soccer24.co.zw,100,508799,other,media,s24-theme-2024,google-analytics-for-wordpress;soccer24-banners-v1;tablepress,192,2026-05-01T11:28:50.486781+00:00,screenshots/soccer24.co.zw.png
delta.co.zw,100,559371,business,agriculture;finance,delta-zimbabwe,age-gate;codevz-plus;contact-form-7;gtm-kit;js_composer;megamenu;organization-chart;popup-maker;revslider;revslider-transitionpack-addon;woocommerce;wp-content-copy-protector,370,2026-05-01T11:29:07.599118+00:00,screenshots/delta.co.zw.png
gzu.ac.zw,100,564987,education,education,astra,astra-addon;astra-pro-sites;download-manager;elementor;elementor-pro;elementskit-lite;embedpress;spectra-pro-1;ultimate-addons-for-gutenberg;wp-event-manager,334,2026-05-01T11:29:18.845391+00:00,screenshots/gzu.ac.zw.png
applynow.co.zw,93,706154,other,tech,foxiz,contact-form-7;elementor;foxiz-core;jetpack;surveyx-builder,158,2026-05-01T11:28:55.266365+00:00,screenshots/applynow.co.zw.png
tvsales.co.zw,100,832529,ecommerce,retail,hello-elementor,3d-flipbook-dflip-lite;add-search-to-menu;elementor;elementor-pro;halfdata-green-popups;mailchimp-for-woocommerce;onesignal-free-web-push-notifications;pw-gift-cards;revslider;ubermenu;woo-product-carousel-slider-for-elementor-pro;woocommerce;woocommerce-gateway-iveri-lite;woocommerce-google-analytics-integration;woocommerce-products-filter;wp-store-locator,437,2026-05-01T11:29:03.170414+00:00,screenshots/tvsales.co.zw.png
vacancybox.co.zw,100,834485,other,tech,astra,wp-job-manager,85,2026-05-01T11:29:01.777985+00:00,screenshots/vacancybox.co.zw.png
zimbamusic.co.zw,100,841054,other,media,Newspaper,download-monitor;rocket-lazy-load;td-cloud-library;td-composer;td-standard-pack,457,2026-05-01T11:29:04.161778+00:00,screenshots/zimbamusic.co.zw.png
hansole.co.zw,100,914509,business,tech,astra,astra-sites;elementor;latepoint;suretriggers;wp-live-chat-support,150,2026-05-01T11:29:08.920941+00:00,screenshots/hansole.co.zw.png
pay.maz.co.zw,100,,business,finance,MAZ,contact-form-7;woocommerce,23,2026-05-01T12:30:43.662350+00:00,screenshots/pay.maz.co.zw.png
sbminnovations.co.zw,100,,business,other,astra,click-to-chat-for-whatsapp;elementor,178,2026-05-01T12:30:44.418912+00:00,screenshots/sbminnovations.co.zw.png
oxfordproperties.co.zw,100,,business,real-estate,enfold,,129,2026-05-01T12:30:46.757197+00:00,screenshots/oxfordproperties.co.zw.png
masseyferguson.co.zw,75,,ecommerce,agriculture;retail,backhoe,contact-form-7;js_composer;woocomm-product-enquiry;woocommerce;wp-image-zoooom,122,2026-05-01T12:30:47.227243+00:00,screenshots/masseyferguson.co.zw.png
avenuesclinic.co.zw,100,,business,health,enfold,alert-notice-boxes;click-to-chat-for-whatsapp;woo-donations;woocommerce;woocommerce-gateway-iveri-lite-1;youtube-embed-plus,92,2026-05-01T12:30:49.235086+00:00,screenshots/avenuesclinic.co.zw.png
sayspring.co.zw,100,,business,other,twentytwenty,,124,2026-05-01T12:30:49.746375+00:00,screenshots/sayspring.co.zw.png
sanitationservices.co.zw,85,,business,hospitality,Divi,animate-it;contact-form-7;gs-logo-slider,64,2026-05-01T12:30:50.411224+00:00,screenshots/sanitationservices.co.zw.png
projectvote263.org.zw,100,,ngo,other,twentytwentyfive,all-in-one-seo-pack;elementor;elementor-pro;elementskit-lite;essential-addons-for-elementor-lite;header-footer-elementor;instagram-feed;metform;royal-elementor-addons,210,2026-05-01T12:30:51.468314+00:00,screenshots/projectvote263.org.zw.png
masiya-sheshe.co.zw,100,,business,legal,xtra,codevz-plus;contact-form-7;js_composer;revslider;woocommerce,108,2026-05-01T12:30:52.447646+00:00,screenshots/masiya-sheshe.co.zw.png
sbsgroup.co.zw,100,,business,other,hello-elementor,bdthemes-prime-slider-lite;elementor;elementor-pro;elementskit-lite;timeline-widget-addon-for-elementor;wp-google-map-plugin,75,2026-05-01T12:30:54.706918+00:00,screenshots/sbsgroup.co.zw.png
byco.co.zw,95,,ecommerce,retail,Avada,eazyest-gallery;js_composer,47,2026-05-01T12:30:55.624341+00:00,screenshots/byco.co.zw.png
progility.co.zw,100,,business,other,consultantpro,burst-statistics;complianz-gdpr;contact-form-7;download-manager;js_composer;mega-addons-for-visual-composer;revslider;unlimited-addons-for-wpbakery-page-builder,79,2026-05-01T12:30:56.254499+00:00,screenshots/progility.co.zw.png
groceries.vegetablebasket.co.zw,100,,ecommerce,retail,shopire,fable-extra;jetpack;woocommerce;woocommerce-products-slider,325,2026-05-01T12:31:00.887341+00:00,screenshots/groceries.vegetablebasket.co.zw.png
sapes.org.zw,100,,ngo,other,use,cookieadmin;cookieadmin-pro;download-manager;js_composer,144,2026-05-01T12:31:07.040067+00:00,screenshots/sapes.org.zw.png
nprc.org.zw,100,,ngo,other,shoppystore,contact-form-7;content-views-query-and-display-post-page;easy-twitter-feed-widget;footer-mega-grid-columns;js_composer;post-timeline;recent-tweets-widget;revslider;the-events-calendar;wp-gdpr-compliance;wp-smushit,456,2026-05-01T12:31:10.199598+00:00,screenshots/nprc.org.zw.png
high.abbeys.co.zw,100,,education,other,popularfx,cookieadmin;cookieadmin-pro;pagelayer;socialfeeds;socialfeeds-pro;woocommerce,202,2026-05-01T12:31:11.962026+00:00,screenshots/high.abbeys.co.zw.png
247bulkwaternetwork.co.zw,100,,business,other,medo-pixel,contact-form-7;woocommerce,55,2026-05-01T12:31:12.006159+00:00,screenshots/247bulkwaternetwork.co.zw.png
compusoft.co.zw,100,,business,tech;finance,hello-elementor,elementor;elementskit-lite;hostinger-reach,127,2026-05-01T12:31:16.911966+00:00,screenshots/compusoft.co.zw.png
preschool.abbeys.co.zw,100,,education,other,popularfx,cookieadmin;cookieadmin-pro;pagelayer;socialfeeds;socialfeeds-pro,188,2026-05-01T12:31:17.665827+00:00,screenshots/preschool.abbeys.co.zw.png
identityconsultancy.co.zw,100,,business,health,oxpins-child,elementor;elementor-pro;google-analytics-for-wordpress;happy-elementor-addons;oxpins-addon;theme-masters-elementor;userfeedback-lite;wpforms,456,2026-05-01T12:31:21.622784+00:00,screenshots/identityconsultancy.co.zw.png
kingdomtyres.co.zw,100,,business,retail;transport,kingdom,contact-form-7;js_composer;revslider;woocommerce,165,2026-05-01T12:31:21.654617+00:00,screenshots/kingdomtyres.co.zw.png
globtech.co.zw,95,,business,tech,sydney,simple-google-recaptcha;sydney-toolbox;woocommerce,68,2026-05-01T12:31:23.356460+00:00,screenshots/globtech.co.zw.png
vinedesign.co.zw,100,,business,tech,concept,advanced-product-fields-for-woocommerce;all-in-one-seo-pack;concept-helper;contact-form-7;elementor;google-analytics-for-wordpress;google-listings-and-ads;gtranslate;jetpack;visual-portfolio;woocommerce,237,2026-05-01T12:31:25.989701+00:00,screenshots/vinedesign.co.zw.png
kimconsulting.co.zw,100,,business,tech,Avada-6,essential-grid;fusion-builder;gs-logo-slider;modern-events-calendar-lite;revslider;simple-news;social-icons-widget-by-wpzoom,904,2026-05-01T12:31:26.661115+00:00,screenshots/kimconsulting.co.zw.png
kdb.co.zw,100,,business,health,brooklyn,codevz-plus;contact-form-7;creame-whatsapp-me;js_composer;revslider;ut-shortcodes;woocommerce,599,2026-05-01T12:31:28.520807+00:00,screenshots/kdb.co.zw.png
1c1031.co.zw,100,,religious,other,twentysixteen,,80,2026-05-01T12:31:31.314724+00:00,screenshots/1c1031.co.zw.png
vocational.abbeys.co.zw,100,,education,other,popularfx,cookieadmin;cookieadmin-pro;pagelayer;socialfeeds;socialfeeds-pro,242,2026-05-01T12:31:33.024484+00:00,screenshots/vocational.abbeys.co.zw.png
nacz.co.zw,100,,government,media,hello-elementor,contact-form-7;elementor;elementor-pro;elementskit-lite;essential-addons-for-elementor-lite;gum-elementor-addon;gutenverse;header-footer-elementor;image-hover-effects-addon-for-elementor;jeg-elementor-kit;metform;revslider,155,2026-05-01T12:31:33.166408+00:00,screenshots/nacz.co.zw.png
zwesteel.co.zw,100,,business,mining,hello-elementor,elementor;elementskit-lite;header-footer-elementor;miniorange-2-factor-authentication;royal-elementor-addons,108,2026-05-01T12:31:35.079259+00:00,screenshots/zwesteel.co.zw.png
ppaz.org.zw,93,,other,other,,maintenance,5,2026-05-01T12:31:35.360938+00:00,screenshots/ppaz.org.zw.png
auditorgeneral.gov.zw,100,,government,legal,corpiva,bit-assist;desert-companion;elementor;fluentform;royal-elementor-addons;simple-job-board,101,2026-05-01T12:31:39.808357+00:00,screenshots/auditorgeneral.gov.zw.png
chipingerdc.gov.zw,100,,government,other,astra,3d-flipbook-dflip-lite;astra-sites;elementor;wp-whatsapp,240,2026-05-01T12:31:41.616828+00:00,screenshots/chipingerdc.gov.zw.png
ntbrl.org.zw,100,,government,health,hello-elementor,bdthemes-element-pack-lite;bdthemes-prime-slider-lite;download-manager;elementor;elementor-pro;elementskit-lite;essential-addons-for-elementor-lite;happy-elementor-addons;happy-elementor-addons-pro;premium-addons-for-elementor;wpforms,202,2026-05-01T12:31:43.161028+00:00,screenshots/ntbrl.org.zw.png
thermacool.co.zw,100,,business,tech;energy,profecient-theme,elementor;elementor-pro;essential-addons-for-elementor-lite;jeg-elementor-kit;metform;profecient-essential;simple-job-board,157,2026-05-01T12:31:46.305983+00:00,screenshots/thermacool.co.zw.png
ourbyo.co.zw,100,,business,tech,Divi,Divi-Ultimate-Blog-Plugin;caldera-forms;popups-for-divi;xagio-seo,173,2026-05-01T12:31:47.197021+00:00,screenshots/ourbyo.co.zw.png
doves.co.zw,100,,business,finance,generatepress,chaty;contact-form-7;elementor;elementor-pro;elementskit-lite;flying-pages;google-analytics-for-wordpress;header-footer-elementor;invent-slider-for-elementor;megamenu;megamenu-pro;shopengine;sina-extension-for-elementor;woocommerce;woocommerce-product-list-field-for-contact-form-7-pro;wpforms-lite,968,2026-05-01T12:31:48.303078+00:00,screenshots/doves.co.zw.png
prep.abbeys.co.zw,100,,education,other,popularfx,cookieadmin;cookieadmin-pro;pagelayer;socialfeeds;socialfeeds-pro;woocommerce,198,2026-05-01T12:31:51.291003+00:00,screenshots/prep.abbeys.co.zw.png
khalidarealty.co.zw,100,,ecommerce,real-estate,hello-elementor,addonskit-for-elementor;directorist;elementor;elementskit-lite;pro-elements;wpzoom-video-popup-block,265,2026-05-01T12:31:53.025062+00:00,screenshots/khalidarealty.co.zw.png
sai.org.zw,93,,ngo,health,gutener-charity-ngo,contact-form-7;cookieadmin;elementor;essential-addons-for-elementor-lite;give;gutentor;kirki;lifterlms;ml-slider;modern-events-calendar-lite;pdf-embedder;photo-gallery;premium-addons-for-elementor;socialfeeds;ultimate-member,360,2026-05-01T12:31:56.189678+00:00,screenshots/sai.org.zw.png
nationalcranes.co.zw,100,,business,transport,hello-elementor,3d-flipbook-dflip-lite;elementor;elementor-pro;header-footer-elementor;interactive-3d-flipbook-powered-physics-engine;wp-whatsapp,126,2026-05-01T12:31:57.778258+00:00,screenshots/nationalcranes.co.zw.png
vicfallsprimary.co.zw,93,,education,other,enfold1,CuteSlider;bookly-responsive-appointment-booking-tool;google-calendar-events;hogash-post-love;mp3-jplayer;woocommerce,68,2026-05-01T12:31:58.104771+00:00,screenshots/vicfallsprimary.co.zw.png
pa-legal.co.zw,100,,business,legal,astra,astra-sites;elementor;elementor-pro,151,2026-05-01T12:31:58.110780+00:00,screenshots/pa-legal.co.zw.png
scanlink.co.zw,100,,business,transport;retail,Divi,google-site-kit;woocommerce,194,2026-05-01T12:31:59.755452+00:00,screenshots/scanlink.co.zw.png
mashwest.gov.zw,98,,government,,consultio,booked;case-theme-core;case-theme-user;contact-form-7;contact-form-7-multi-step;download-manager;elementor;elementor-pro;gtranslate;instagram-feed;meks-simple-flickr-widget;newsletter;revslider;woocommerce;wp-whatsapp-chat;yith-woocommerce-quick-view;yith-woocommerce-wishlist,189,2026-05-01T12:32:01.065977+00:00,screenshots/mashwest.gov.zw.png
absolutefencing.co.zw,100,,business,retail,dt-the7,Ultimate_VC_Addons;dt-the7-core;formidable;js_composer;revslider,94,2026-05-01T12:32:01.721434+00:00,screenshots/absolutefencing.co.zw.png
kms.co.zw,100,,business,tech,Avada,,231,2026-05-01T12:32:04.592965+00:00,screenshots/kms.co.zw.png
bybees.co.zw,100,,business,agriculture;retail,betheme,contact-form-7;elementor;google-site-kit;revslider;wp-whatsapp-chat,167,2026-05-01T12:32:04.709443+00:00,screenshots/bybees.co.zw.png
icd.co.zw,100,,education,other,astra,click-to-chat-for-whatsapp;elementor;elementskit-lite;jeg-elementor-kit;master-addons;popup-maker;xpro-elementor-addons;xpro-theme-builder,199,2026-05-01T12:32:04.888354+00:00,screenshots/icd.co.zw.png
autoserve.co.zw,100,,business,retail;transport,hello-elementor,creame-whatsapp-me;elementor;elementor-pro;elementskit-lite;essential-addons-for-elementor-lite;header-footer-elementor;ibtana-ecommerce-product-addons;ibtana-visual-editor;smooth-back-to-top-button;woocommerce;wpforms-lite;ymm-search,136,2026-05-01T12:32:09.542523+00:00,screenshots/autoserve.co.zw.png
shop.zifa.co.zw,100,,ecommerce,retail,zifa_shop_theme_87,woocommerce,72,2026-05-01T12:32:09.581357+00:00,screenshots/shop.zifa.co.zw.png
psh.org.zw,100,,ngo,health,organic-farm,contact-form-7;elementor;elementor-pro;gainlove-core;give;litespeed-cache;popup-maker-wp;revslider,259,2026-05-01T12:32:12.341516+00:00,screenshots/psh.org.zw.png
zie.co.zw,100,,education,tech,zimie,contact-form-7;fancybox-for-wordpress;the-events-calendar;youtube-embed-plus,75,2026-05-01T12:32:17.510617+00:00,screenshots/zie.co.zw.png
avantis.co.zw,100,,business,tech,Divi,jetpack;kliken-marketing-for-google;woocommerce,400,2026-05-01T12:32:19.631101+00:00,screenshots/avantis.co.zw.png
thinknetic.co.zw,100,,business,tech,blocksy,elementor;litespeed-cache;woocommerce;woocommerce-payments;wpforms-lite,120,2026-05-01T12:32:21.706057+00:00,screenshots/thinknetic.co.zw.png
moysar.gov.zw,98,,government,other,oceanwp,3d-flipbook-dflip-lite;elementor;ocean-extra;ocean-social-sharing;wp-whatsapp-chat,132,2026-05-01T12:32:23.545592+00:00,screenshots/moysar.gov.zw.png
vicfallslive.co.zw,100,,news,media;transport,zox-news,theia-post-slider-premium;theia-sticky-sidebar;zox-alp,164,2026-05-01T12:32:27.361795+00:00,screenshots/vicfallslive.co.zw.png
agric.gov.zw,100,,government,agriculture,egovt,3d-flipbook-dflip-lite;ameliabooking;animate-it;breaking-news-wp;contact-form-7;different-menus-in-different-pages;download-manager;elementor;elementor-pro;groovy-menu-free;meta-slider-and-carousel-with-lightbox;meteoart;ova-dep;ova-doc;ova-events;ova-framework;ova-portfolio;ova-sev;ova-team;owm-weather;recent-posts-widget-with-thumbnails;redux-framework;revslider;wp-carousel-free;wp-rss-retriever;wpforms-lite,573,2026-05-01T12:32:28.619950+00:00,screenshots/agric.gov.zw.png
opcbyometro.gov.zw,100,,government,other,consultio,booked;case-theme-core;case-theme-user;contact-form-7;contact-form-7-multi-step;download-manager;elementor;elementor-pro;instagram-feed;massive-cryptocurrency-widgets;meks-simple-flickr-widget;redux-framework;revslider,196,2026-05-01T12:32:29.407344+00:00,screenshots/opcbyometro.gov.zw.png
opcmeal.gov.zw,100,,government,other,spexo,3d-flipbook-dflip-lite;betterdocs;betterlinks;booked;case-theme-core;case-theme-user;contact-form-7;contact-form-7-multi-step;countdown-timer-for-elementor;download-manager;elementor;essential-addons-for-elementor-lite;essential-blocks;instagram-feed;interactive-3d-flipbook-powered-physics-engine;massive-cryptocurrency-widgets;meks-simple-flickr-widget;newsletter;revslider;sastra-essential-addons-for-elementor;woocommerce;yith-woocommerce-quick-view;yith-woocommerce-wishlist,165,2026-05-01T12:32:33.142156+00:00,screenshots/opcmeal.gov.zw.png
opcmatnorth.gov.zw,98,,government,other,astra,elementor;wpforms-lite,247,2026-05-01T12:32:35.838545+00:00,screenshots/opcmatnorth.gov.zw.png
journal.identityconsultancy.co.zw,100,,education,health;tech,soledad,Journal-Research-Publication;citations;elementor;google-analytics-premium;google-site-kit;gp-premium;gutena-tabs;mailchimp-for-wp;penci-bookmark-follow;penci-finance;penci-frontend-submission;penci-paywall;penci-portfolio;penci-recipe;penci-review;penci-shortcodes;pwa;revslider;the-events-calendar,193,2026-05-01T12:32:36.709234+00:00,screenshots/journal.identityconsultancy.co.zw.png
goldenknot.co.zw,100,,business,finance;legal,Golden,elementor;jeg-elementor-kit;metform;sticky-header-effects-for-elementor;tablepress;wordpress-whatsapp-support,162,2026-05-01T12:32:40.646528+00:00,screenshots/goldenknot.co.zw.png
petra.org.zw,100,,other,,Divi,bbpress;google-analytics-for-wordpress;learndash-course-grid;revslider;sfwd-lms,254,2026-05-01T12:32:41.739808+00:00,screenshots/petra.org.zw.png
mwacsmed.gov.zw,98,,government,finance;other,bo,3d-flipbook-dflip-lite;dlc;elementor;ocean-extra;ocean-social-sharing;tests;wp-whatsapp-chat,228,2026-05-01T12:32:44.707223+00:00,screenshots/mwacsmed.gov.zw.png
nashua.co.zw,100,,business,tech;retail,xtra-child,codevz-plus;independent-analytics;revslider,120,2026-05-01T12:32:44.723506+00:00,screenshots/nashua.co.zw.png
igniteyouth.co.zw,98,,ngo,other,oxpins,contact-form-7;elementor;elementskit-lite;give;header-footer-elementor;oxpins-addon;recent-posts-widget-with-thumbnails,114,2026-05-01T12:32:45.805326+00:00,screenshots/igniteyouth.co.zw.png
mopse.gov.zw,100,,other,,astra,3d-flipbook-dflip-lite;astra-sites;elementor;essential-addons-for-elementor-lite;qi-addons-for-elementor;surecart;suretriggers;wp-live-chat-support;wp-whatsapp-chat,215,2026-05-01T12:32:50.162071+00:00,screenshots/mopse.gov.zw.png
talia.org.zw,100,,ngo,other,hello-elementor,custom-footer-generator;ele-custom-skin;elementor;elementor-pro;elementskit-lite;happy-elementor-addons;metform;premium-addons-for-elementor;press-elements;revslider,201,2026-05-01T12:32:54.236288+00:00,screenshots/talia.org.zw.png
testdomain9.gov.zw,98,,government,other,astra,3d-flipbook-dflip-lite;elementor;wpforms-lite,253,2026-05-01T12:32:59.091163+00:00,screenshots/testdomain9.gov.zw.png
nashfurnishers.co.zw,100,,ecommerce,retail,nooni,contact-form-7;elementor;enterprise-ecommerce;mailchimp-for-wp;revslider;themesky;woocommerce,112,2026-05-01T12:32:59.239993+00:00,screenshots/nashfurnishers.co.zw.png
aazimbabwe.co.zw,100,,other,,hello-elementor,download-manager;elementor;elementor-pro;elementskit-lite;wpforms-lite,98,2026-05-01T12:32:59.833374+00:00,screenshots/aazimbabwe.co.zw.png
mlg.gov.zw,100,,government,other,consultio-child,betterdocs;betterlinks;booked;case-theme-core;case-theme-user;click-to-chat-for-whatsapp;contact-form-7;contact-form-7-multi-step;ditty-news-ticker;download-manager;dreamit-elementor-extension;elementor;essential-addons-for-elementor-lite;essential-blocks;header-footer-elementor;instagram-feed;massive-cryptocurrency-widgets;meks-simple-flickr-widget;newsletter;revslider;woocommerce;yith-woocommerce-quick-view;yith-woocommerce-wishlist,259,2026-05-01T12:33:00.173969+00:00,screenshots/mlg.gov.zw.png
mecw.gov.zw,100,,government,energy,twentytwentyfour,booked;case-theme-core;case-theme-user;contact-form-7;contact-form-7-multi-step;download-manager;elementor;elementor-pro;massive-cryptocurrency-widgets;meks-simple-flickr-widget;revslider,166,2026-05-01T12:33:04.715373+00:00,screenshots/mecw.gov.zw.png
abbmotorspares.co.zw,100,,ecommerce,retail;transport,abb,ewww-image-optimizer,89,2026-05-01T12:33:07.419116+00:00,screenshots/abbmotorspares.co.zw.png
zimasco.co.zw,100,,business,mining,hello-elementor,amo-team-showcase;bdthemes-element-pack-lite;elementor;elementor-pro;elementskit-lite;essential-addons-for-elementor-lite;premium-addons-for-elementor;skyboot-custom-icons-for-elementor;wp-job-openings,139,2026-05-01T12:33:08.561291+00:00,screenshots/zimasco.co.zw.png
acfezimbabwe.co.zw,100,,ngo,legal,popularfx,newsletter;pagelayer;ultimate-member,129,2026-05-01T12:33:12.684377+00:00,screenshots/acfezimbabwe.co.zw.png
shekinahglory.org.zw,100,,ngo,health,astra,elementor;elementskit-lite;gutenkit-blocks-addon;metform;wpforms-lite,236,2026-05-01T12:33:15.309564+00:00,screenshots/shekinahglory.org.zw.png
testdomain4.gov.zw,100,,government,other,consultio-child,booked;bookly-responsive-appointment-booking-tool;case-theme-core;case-theme-user;contact-form-7;contact-form-7-multi-step;download-manager;elementor;elementor-pro;instagram-feed;jetpack;massive-cryptocurrency-widgets;meks-simple-flickr-widget;newsletter;revslider;wpforms,139,2026-05-01T12:33:16.029220+00:00,screenshots/testdomain4.gov.zw.png
ihrm.co.zw,100,,education,other,astra,elementor;elementskit-lite;essential-addons-for-elementor-lite;master-addons;xpro-elementor-addons;xpro-theme-builder,182,2026-05-01T12:33:20.028760+00:00,screenshots/ihrm.co.zw.png
maxienergy.co.zw,100,,business,energy;tech,wp-content,contact-form-7;elementor;strnix-core,132,2026-05-01T12:33:20.371216+00:00,screenshots/maxienergy.co.zw.png
sbs.co.zw,100,,business,tech,dt-the7,Ultimate_VC_Addons;contact-form-7;igniteup;js_composer;ml-slider;revslider,113,2026-05-01T12:33:21.429724+00:00,screenshots/sbs.co.zw.png
nazfreight.co.zw,100,,business,transport,cargohub,cargohub-vc-addons;contact-form-7;elementor;js_composer;revslider;whatsapp-for-wordpress,134,2026-05-01T12:33:24.415895+00:00,screenshots/nazfreight.co.zw.png
zgc.co.zw,100,,government,other,astra,amo-team-showcase;astra-sites;custom-twitter-feeds-pro;elementor;elementor-pro;email-subscribers;happy-elementor-addons;header-footer-elementor;jet-blog;jet-elements;jet-engine;revslider;team-members;the-events-calendar;tlp-team,605,2026-05-01T12:33:25.827570+00:00,screenshots/zgc.co.zw.png
zvimbardc.co.zw,100,,government,other,citygov,download-manager;elementor;eleslider;events-manager;maxbot-chatbot-maker;simple-weather;wpbot-pro,180,2026-05-01T12:33:26.614599+00:00,screenshots/zvimbardc.co.zw.png
bainesclinic.co.zw,100,,business,health,oceanwp,ays-popup-box;elementor;elementor-pro;happy-elementor-addons;ocean-extra;revslider,177,2026-05-01T12:33:33.203148+00:00,screenshots/bainesclinic.co.zw.png
mashcom.co.zw,100,,business,tech,neve,wp-logo-showcase-responsive-slider-slider,95,2026-05-01T12:33:33.989709+00:00,screenshots/mashcom.co.zw.png
axcentium.co.zw,100,,business,finance;legal,hello-elementor-child,b-timeline;chart-builder;elementor;elementor-pro;loftloader;piotnet-addons-for-elementor;smooth-back-to-top-button;the-events-calendar;wp-smushit,287,2026-05-01T12:33:34.876982+00:00,screenshots/axcentium.co.zw.png
kitchenlink.co.zw,100,,ecommerce,retail,oceanwp,astra-sites;creame-whatsapp-me;elementor;elementskit-lite;header-footer-elementor;rometheme-for-elementor;romethemeform,145,2026-05-01T12:33:39.302394+00:00,screenshots/kitchenlink.co.zw.png
bambazonke.co.zw,100,,business,tech,astra,3d-flipbook-dflip-lite;astra-addon;bb-ultimate-addon;beaver-builder-lite-version;creame-whatsapp-me;independent-analytics;instagram-feed;omnisend-connect;woocommerce,366,2026-05-01T12:33:39.904593+00:00,screenshots/bambazonke.co.zw.png
theunipeople.co.zw,100,,education,other,dt-the7,Ultimate_VC_Addons;dt-the7-core;js_composer;revslider,328,2026-05-01T12:33:42.195552+00:00,screenshots/theunipeople.co.zw.png
zimaddis.gov.zw,98,,government,other,egovt,ameliabooking;contact-form-7;download-manager;elementor;elementor-pro;gtranslate;ova-dep;ova-doc;ova-events;ova-framework;ova-portfolio;ova-sev;ova-team;recent-posts-widget-with-thumbnails;revslider;wp-whatsapp-chat;wpforms-lite,178,2026-05-01T12:33:46.076307+00:00,screenshots/zimaddis.gov.zw.png
thisabilityhub.org.zw,100,,ngo,health;tech,listinghive,astra-sites;astra-widgets;bb-header-footer;beaver-builder-lite-version;custom-facebook-feed;custom-twitter-feeds;hivepress;hivepress-geolocation;igniteup;instagram-feed;menu-image;newsletter;quiz-master-next,112,2026-05-01T12:33:47.535593+00:00,screenshots/thisabilityhub.org.zw.png
kubotaengineering.co.zw,100,,business,tech,rishi_1,bdthemes-prime-slider-lite;contact-form-7;elementor;mega-elements-addons-for-elementor;rishi-companion;smart-slider-3;wp-whatsapp-chat;wpforms-lite,245,2026-05-01T12:33:49.236207+00:00,screenshots/kubotaengineering.co.zw.png
vnz.org.zw,100,,ngo,health;education,VNZ-WP-Theme,contact-form-7;download-manager;elementor;header-footer-elementor;sina-extension-for-elementor;wp-gdpr-compliance,208,2026-05-01T12:33:51.552693+00:00,screenshots/vnz.org.zw.png
kingcarrental.co.zw,100,,ecommerce,transport;hospitality,colorway,contact-form-7;creame-whatsapp-me;elementor;vikrentcar,96,2026-05-01T12:33:54.607820+00:00,screenshots/kingcarrental.co.zw.png
imire.co.zw,78,,ngo,other;hospitality,kallyas,animated-text-element;facebook-conversion-pixel;instagram-feed;revslider;spotlight-social-photo-feeds;webp-express;wp-smushit;wp-tripadvisor-review-slider,129,2026-05-01T12:33:56.088138+00:00,screenshots/imire.co.zw.png
theperiodcompany.co.zw,100,,business,health;retail,riode-child,contact-form-7;elementor;revslider;woocommerce;yith-woocommerce-ajax-navigation;yith-woocommerce-wishlist,145,2026-05-01T12:33:57.681720+00:00,screenshots/theperiodcompany.co.zw.png
nattiegroup.co.zw,100,,education,education,hello-elementor,anwp-post-grid-for-elementor;blog-designer;ditty-news-ticker;elementor;elementor-pro;elementskit-lite;photo-gallery,150,2026-05-01T12:34:01.339574+00:00,screenshots/nattiegroup.co.zw.png
saz.org.zw,95,,business,tech,saz,accordion-blocks;contact-form-7;download-after-email;embed-pdf-viewer;ewww-image-optimizer;megamenu,69,2026-05-01T12:34:03.520411+00:00,screenshots/saz.org.zw.png
justice.gov.zw,98,,government,legal,consultio,3d-flipbook-dflip-lite;booked;case-theme-core;case-theme-user;contact-form-7-multi-step;custom-twitter-feeds;elementor;elementor-pro;instagram-feed;meks-simple-flickr-widget;newsletter;revslider,132,2026-05-01T12:34:04.892054+00:00,screenshots/justice.gov.zw.png
caipensions.co.zw,100,,business,finance;telecom,Avada,contact-form-7;download-manager;fusion-builder;fusion-core;whatsapp-for-wordpress,123,2026-05-01T12:34:07.942192+00:00,screenshots/caipensions.co.zw.png
zifmstereo.co.zw,90,,news,media,jannah,adrotate;animate-it;contact-form-7;cookie-law-info;custom-twitter-feeds;gn-publisher;joan;popup-anything-on-click;ultimate-responsive-image-slider;ultimate-social-media-icons;visitors-traffic-real-time-statistics-pro;wm-video-playlists,676,2026-05-01T12:34:10.498868+00:00,screenshots/zifmstereo.co.zw.png
psc.gov.zw,93,,government,other,blocksy,betterdocs;blocksy-companion-pro;elementor;elementor-pro;essential-addons-for-elementor-lite;fluentform;the-post-grid;wp-statistics,174,2026-05-01T12:34:12.280669+00:00,screenshots/psc.gov.zw.png
vaz.org.zw,100,,ngo,health,capigo-child,contact-form-7;elementor;give;google-analytics-for-wordpress;graphina-elementor-charts-and-graphs;mailchimp-for-wp;revslider;wp-job-openings,160,2026-05-01T12:34:12.475772+00:00,screenshots/vaz.org.zw.png
zhi.co.zw,100,,ngo,health,hello-elementor,betterdocs;creame-whatsapp-me;elementor;elementor-pro;elementskit-lite;happy-elementor-addons;ht-menu-lite;selection-lite;smart-slider-3,235,2026-05-01T12:34:14.868424+00:00,screenshots/zhi.co.zw.png
mydragley.co.zw,100,,education,transport,astra,chaty;elementor;wpforms-lite,202,2026-05-01T12:34:19.342976+00:00,screenshots/mydragley.co.zw.png
programs.imbahub.co.zw,100,,education,education;tech,hello-elementor,affiliate-wp;click-to-chat-for-whatsapp;contact-form-7;elementor;elementskit-lite;google-site-kit;header-footer-elementor;page-links-to;woocommerce,101,2026-05-01T12:34:20.012250+00:00,screenshots/programs.imbahub.co.zw.png
testdomain22.gov.zw,100,,government,other,consultio,case-theme-core;case-theme-user;elementor;elementor-pro;google-language-translator;js-support-ticket;meks-simple-flickr-widget;redux-framework;wp-whatsapp-chat,99,2026-05-01T12:34:20.565100+00:00,screenshots/testdomain22.gov.zw.png
kiamotors.co.zw,100,,business,retail;transport,cardealer-child,elementor;elementor-pro;essential-addons-for-elementor-lite;everest-forms;everest-forms-pro;revslider,202,2026-05-01T12:34:25.468060+00:00,screenshots/kiamotors.co.zw.png
africahotspot.co.zw,100,,news,media,draftly,,136,2026-05-01T12:34:28.903725+00:00,screenshots/africahotspot.co.zw.png
silveirahouse.org.zw,100,,ngo,health;legal,neve,best-editor;creative-mail-by-constant-contact;custom-facebook-feed;elementor;elementskit-lite;header-footer-elementor;interactive-3d-flipbook-powered-physics-engine;mailchimp-for-wp;otter-blocks;shared-counts;themeisle-companion,199,2026-05-01T12:34:29.632432+00:00,screenshots/silveirahouse.org.zw.png
necinsurance.co.zw,100,,business,finance,Divi,loftloader;wp-whatsapp,207,2026-05-01T12:34:31.191958+00:00,screenshots/necinsurance.co.zw.png
dp.co.zw,100,,business,media,Divi,xagio-seo,192,2026-05-01T12:34:33.362587+00:00,screenshots/dp.co.zw.png
afc.co.zw,100,,ecommerce,retail;transport,enfold-child,,70,2026-05-01T12:34:33.964391+00:00,screenshots/afc.co.zw.png
corex.co.zw,100,,business,finance,hello-elementor,autoptimize;elementor;elementskit-lite;jeg-elementor-kit;wpforms-lite,122,2026-05-01T12:34:37.894231+00:00,screenshots/corex.co.zw.png
adlynprinters.co.zw,70,,ecommerce,retail,onsus,all-in-one-seo-pack;contact-form-7;elementor;google-analytics-for-wordpress;mailchimp-for-wp;themesflat-core;woo-smart-compare;woo-variation-swatches;woocommerce;wp-whatsapp;yith-woocommerce-frequently-bought-together;yith-woocommerce-quick-view;yith-woocommerce-wishlist,818,2026-05-01T12:34:38.751436+00:00,screenshots/adlynprinters.co.zw.png
caaz.co.zw,100,,government,transport,hello-elementor-child,Paynow-for-WooCommerce-master;custom-twitter-feeds;download-manager;elementor;elementor-pro;essential-addons-for-elementor-lite;paid-member-subscriptions;post-carousel-addons-for-elementor;royal-elementor-addons;say-what;ultimate-post-kit;woocommerce;yith-woocommerce-subscription;youtube-embed-plus,261,2026-05-01T12:34:40+00:00,screenshots/caaz.co.zw.png
palmer.co.zw,100,,business,real-estate,construction-hub,final-tiles-grid-gallery-lite;jetpack;livemesh-siteorigin-widgets;oneclick-whatsapp-order;siteorigin-panels;slide-anything;so-widgets-bundle;wp-smushit;wp-whatsapp-chat,155,2026-05-01T12:34:44.939415+00:00,screenshots/palmer.co.zw.png
ihs.co.zw,100,,business,health;retail,Divi,popups-for-divi,240,2026-05-01T12:34:45.668999+00:00,screenshots/ihs.co.zw.png
maz-ville.co.zw,100,,business,other,oshin,be-gdpr;click-to-chat-for-whatsapp;masterslider;oshine-modules;revslider;tatsu,213,2026-05-01T12:34:47.912159+00:00,screenshots/maz-ville.co.zw.png
academicregalia.co.zw,100,,ecommerce,retail;education,astra,elementor,128,2026-05-01T12:34:49.941770+00:00,screenshots/academicregalia.co.zw.png
maxicleansolutions.co.zw,100,,business,other;retail,bugspatrol,booked;contact-form-7;creame-whatsapp-me;elementor;essential-grid;js_composer;revslider;trx_utils;visual-footer-credit-remover;wp-gdpr-compliance,72,2026-05-01T12:34:52.208481+00:00,screenshots/maxicleansolutions.co.zw.png
nationalfoods.co.zw,100,,business,retail;agriculture,dt-the7-child,Ultimate_VC_Addons;af-widgets;custom-facebook-feed-pro;download-monitor;js_composer;revslider;wp-job-manager;wpforms,159,2026-05-01T12:34:53.364242+00:00,screenshots/nationalfoods.co.zw.png
beechnut.co.zw,100,,ecommerce,retail,porto-child,contact-form-7;dokan-lite;jetpack;js_composer;mailchimp-for-woocommerce;revslider;woocommerce,138,2026-05-01T12:34:54.774437+00:00,screenshots/beechnut.co.zw.png
necengineering.co.zw,100,,government,legal;tech,airpro,LayerSlider;airpro-plugin;booked;contact-form-7;download-manager;js_composer;justified-gallery;woocommerce;wp-slick-slider-and-image-carousel;wp-statistics,197,2026-05-01T12:34:55.103937+00:00,screenshots/necengineering.co.zw.png
pamtech.co.zw,100,,business,tech,digilab-child,contact-form-7;digilab-elementor-addons;elementor,136,2026-05-01T12:34:57.232315+00:00,screenshots/pamtech.co.zw.png
mcmlegal.co.zw,100,,business,legal,astra,astra-sites;custom-facebook-feed;custom-twitter-feeds;elementor;feeds-for-youtube;instagram-feed;latepoint;master-addons;premium-addons-for-elementor;the-plus-addons-for-elementor-page-builder;wp-smushit;youtube-embed-plus,234,2026-05-01T12:35:01.991310+00:00,screenshots/mcmlegal.co.zw.png
radiatorkings.co.zw,100,,business,retail;tech,motors,add-to-any;contact-form-7;creame-whatsapp-me;custom-twitter-feeds;google-analytics-for-wordpress;js_composer;motors-wpbakery-widgets;pearl-header-builder;reviews-feed;revslider;stm-motors-extends;stm-woocommerce-motors-auto-parts;widget-google-reviews;woo-multi-currency;woocommerce;yith-woocommerce-compare;yith-woocommerce-wishlist,301,2026-05-01T12:35:06.541035+00:00,screenshots/radiatorkings.co.zw.png
imbahub.co.zw,100,,ngo,tech;other,hello-elementor-child,Paynow-for-WooCommerce-master;click-to-chat-for-whatsapp;cookie-law-info;elementor;elementor-pro;essential-addons-for-elementor-lite;google-site-kit;page-links-to;woocommerce,240,2026-05-01T12:35:07.081349+00:00,screenshots/imbahub.co.zw.png
bantwana.co.zw,100,,ngo,health,alone,bearsthemes-addons;custom-twitter-feeds;elementor;elementor-pro;give;sermone;the-events-calendar;ubermenu;woocommerce,361,2026-05-01T12:35:08.982084+00:00,screenshots/bantwana.co.zw.png
propertytrack.co.zw,100,,business,real-estate,yreg-estate,click-to-chat-for-whatsapp;contact-form-7;essential-grid;js_composer;real-estate-pro;revslider;trx_utils;wp-gdpr-compliance,174,2026-05-01T12:35:13.766600+00:00,screenshots/propertytrack.co.zw.png
knowledgebrook.co.zw,100,,ngo,health,astra,addon-elements-for-elementor-page-builder;astra-sites;bdthemes-prime-slider-lite;elementor;elementor-pro;essential-addons-for-elementor-lite;happy-elementor-addons;header-footer-elementor,205,2026-05-01T12:35:14.021281+00:00,screenshots/knowledgebrook.co.zw.png
kundahost.co.zw,100,,business,tech,themify-ultra,fake,75,2026-05-01T12:35:19.278728+00:00,screenshots/kundahost.co.zw.png
vungurdc.org.zw,100,,government,other,gimont,contact-form-7;elementor;give;mailchimp-for-wp;ova-dep;ova-doc;ova-events;ova-megamenu;ova-sev;revslider;tablepress,177,2026-05-01T12:35:19.506218+00:00,screenshots/vungurdc.org.zw.png
badrabbitstudio.co.zw,100,,business,media,hello-elementor,cookie-notice;elementor;elementor-pro;google-analytics-for-wordpress;wp-rocket,154,2026-05-01T12:35:23.049405+00:00,screenshots/badrabbitstudio.co.zw.png
walpe.org.zw,93,,ngo,legal,twentytwentyfive,smart-slider-3,210,2026-05-01T12:35:23.292431+00:00,screenshots/walpe.org.zw.png
questtravel.co.zw,100,,business,hospitality;transport,astra,astra-addon;bb-ultimate-addon;beaver-builder-lite-version;click-to-chat-for-whatsapp;yatra,209,2026-05-01T12:35:23.539575+00:00,screenshots/questtravel.co.zw.png
ccap.co.zw,100,,religious,other,astra,astra-addon;bb-plugin;download-monitor,245,2026-05-01T12:35:28.256385+00:00,screenshots/ccap.co.zw.png
goldenpalm.co.zw,100,,ecommerce,retail,astra,astra-sites;elementor;elementskit-lite;essential-addons-for-elementor-lite;float-menu;header-footer-elementor;royal-elementor-addons,201,2026-05-01T12:35:29.026872+00:00,screenshots/goldenpalm.co.zw.png
search.co.zw,100,,business,tech,searchv11,awesome-weather;contact-form-7;contact-form-7-datepicker;custom-facebook-feed-pro;custom-twitter-feeds-pro;easy-fancybox;front-end-pm;gtranslate;instagram-feed-pro;meta-data-filter;sassy-social-share;simple-lightbox;theme-my-login;wp-fullcalendar;wp-post-modal;wp-user-frontend,74,2026-05-01T12:35:32.387793+00:00,screenshots/search.co.zw.png
ubh.org.zw,100,,business,health,doctor-clinic,easy-sidebar-menu-widget;fake;slider-hero;themify-builder;ultimate-social-media-icons;weblibrarian;wp-latest-posts,138,2026-05-01T12:35:33.026548+00:00,screenshots/ubh.org.zw.png
iceageenterprise.co.zw,100,,business,transport;other,volport,bdevs-element;elementor;elementor-pro;nextend-smart-slider3-pro;woocommerce,204,2026-05-01T12:35:39.226431+00:00,screenshots/iceageenterprise.co.zw.png
old.ihelp.co.zw,98,,business,tech;retail,twentytwentyone,elementor;elementor-pro;loftloader;testimonials-carousel-elementor;woo-variation-swatches;woocommerce,126,2026-05-01T12:35:41.496405+00:00,screenshots/old.ihelp.co.zw.png
khayahcement.co.zw,100,,business,energy;other,astra,elementor;elementor-pro,188,2026-05-01T12:35:42.764647+00:00,screenshots/khayahcement.co.zw.png
mavtechmedia.co.zw,100,,business,tech;media,consultio,case-theme-core;case-theme-user;contact-form-7;contact-form-7-multi-step;elementor;instagram-feed;newsletter;redux-framework;revslider;whatsapp-for-wordpress,159,2026-05-01T12:35:53.132637+00:00,screenshots/mavtechmedia.co.zw.png
wag.org.zw,85,,ngo,legal,creote-child,contact-form-7;creote-addons;download-manager;elementor;revslider;whatsapp-for-wordpress;woocommerce;wp-job-manager;yith-woocommerce-compare;yith-woocommerce-wishlist,222,2026-05-01T12:35:54.706116+00:00,screenshots/wag.org.zw.png
beitbridgemun.co.zw,100,,government,other,beitbridge,bdthemes-prime-slider-lite;contact-form-7;elementor;elementskit-lite;pro-elements;the-events-calendar;wp-data-access,131,2026-05-01T12:35:56.205090+00:00,screenshots/beitbridgemun.co.zw.png
uzt.org.zw,100,,ngo,legal,hello-elementor,click-to-chat-for-whatsapp;download-manager;elementor;elementor-pro;elementskit-lite;essential-addons-for-elementor-lite;powerpack-lite-for-elementor;wpforms-lite,103,2026-05-01T12:35:56.995366+00:00,screenshots/uzt.org.zw.png
stonewarehouse.co.zw,100,,business,retail,oceanwp-child,addon-elements-for-elementor-page-builder;addons-for-elementor;creame-whatsapp-me;elementor;essential-addons-for-elementor-lite;ocean-extra;ocean-sticky-header;premium-addons-for-elementor;real-time-auto-find-and-replace;wpforms,112,2026-05-01T12:36:00.043144+00:00,screenshots/stonewarehouse.co.zw.png
matrixtaxschool.co.zw,100,,education,legal,phlox,auxin-elements;elementor;smart-slider-3,86,2026-05-01T12:36:01.063129+00:00,screenshots/matrixtaxschool.co.zw.png
casmo.co.zw,100,,business,tech,twentytwentyone,,74,2026-05-01T12:36:01.987840+00:00,screenshots/casmo.co.zw.png
caterzone.co.zw,100,,business,hospitality;retail,bridge,LayerSlider;js_composer;photo-gallery;portfolio-gallery-master;revslider,69,2026-05-01T12:36:05.722527+00:00,screenshots/caterzone.co.zw.png
partyplug.co.zw,85,,business,hospitality;retail,elessi-theme,assets;christmasify;complianz-gdpr;contact-form-7;creame-whatsapp-me;instagram-feed;lw-wc-whatsapp-order;nasa-core;revslider;woocommerce,164,2026-05-01T12:36:05.856008+00:00,screenshots/partyplug.co.zw.png
votewatch263.org.zw,100,,ngo,other,bridge-child,LayerSlider;addons-for-visual-composer;contact-form-7;download-manager;facebook-likebox;heateor-social-comments;js_composer;qode-news,180,2026-05-01T12:36:07.277087+00:00,screenshots/votewatch263.org.zw.png
renewal.org.zw,100,,ngo,other,mega-charity,anti-spam;contact-form-7;give;ibtana-ecommerce-product-addons,123,2026-05-01T12:36:11.394647+00:00,screenshots/renewal.org.zw.png
nasdec.co.zw,100,,business,real-estate,conult,contact-form-7;conult-themer;elementor;jetpack;the-events-calendar;woocommerce;wp-whatsapp,134,2026-05-01T12:36:15.429179+00:00,screenshots/nasdec.co.zw.png
vgptechnologies.co.zw,100,,business,tech,car-repair-services,auto-repair-search;contact-form-7;cookie-notice;estimate-plugin;js_composer;woocommerce,94,2026-05-01T12:36:15.624455+00:00,screenshots/vgptechnologies.co.zw.png
cdr.co.zw,100,,blog,tech;media,Divi,xagio-seo,300,2026-05-01T12:36:19.934100+00:00,screenshots/cdr.co.zw.png
kcphotography.co.zw,100,,business,media,newton,arconix-portfolio;icegram-rainmaker;instagram-feed;master-slider,31,2026-05-01T12:36:24.881347+00:00,screenshots/kcphotography.co.zw.png
kutsaga.co.zw,98,,business,agriculture;tech,ecogrow,advanced-popups;agile-store-locator;breeze;download-manager;elementor;elementskit-lite;event-tickets;instagram-feed;liveforms;revslider;trx_addons;woocommerce,265,2026-05-01T12:36:26.911635+00:00,screenshots/kutsaga.co.zw.png
sunrysolarsystems.co.zw,100,,business,energy;tech,financity,contact-form-7;elementor;goodlayers-core;google-analytics-for-wordpress;revslider;whatsapp-for-wordpress;wp-google-map-plugin;wp-smush-pro,143,2026-05-01T12:36:28.471646+00:00,screenshots/sunrysolarsystems.co.zw.png
naturalair.co.zw,73,,business,tech;retail;energy,acrepair,cardoza-facebook-like-box;contact-form-7;elementor;google-site-kit;jetpack;mailchimp-for-wp;revslider;wp-consent-api;wp-whatsapp-chat,119,2026-05-01T12:36:36.059983+00:00,screenshots/naturalair.co.zw.png
medpride.co.zw,100,,other,other,oceanwp,elementor;ocean-extra,137,2026-05-01T12:36:36.918053+00:00,screenshots/medpride.co.zw.png
cbf.co.zw,100,,business,tech;retail,sparklestore,better-wp-security;contact-form-7;mystickymenu;responsive-accordion-and-collapse;woo-rfq-for-woocommerce;woocommerce;woocommerce-grid-list-toggle;yith-woocommerce-compare;yith-woocommerce-quick-view;yith-woocommerce-wishlist,101,2026-05-01T12:36:40.416748+00:00,screenshots/cbf.co.zw.png
umguzardc.org.zw,100,,government,other,moniz,betterdocs;contact-form-7;elementor;kirki;moniz-addon;smart-recent-posts-widget;woocommerce;wp-job-manager;wp-whatsapp;yith-woocommerce-wishlist,129,2026-05-01T12:36:43.372271+00:00,screenshots/umguzardc.org.zw.png
naturesfoods.co.zw,100,,ecommerce,agriculture;retail,naturesfood,Paynow-for-WooCommerce-master;addons-for-visual-composer;ajax-login-and-registration-modal-popup;contact-form-7;js_composer;modeltheme-framework;revslider;woocommerce;yith-woocommerce-compare;yith-woocommerce-wishlist,244,2026-05-01T12:36:44.202807+00:00,screenshots/naturesfoods.co.zw.png
qrent.co.zw,100,,ecommerce,tech;retail,Divi,formidable,172,2026-05-01T12:36:47.964347+00:00,screenshots/qrent.co.zw.png
barons.co.zw,100,,ecommerce,retail;transport,Divi,xagio-seo,154,2026-05-01T12:36:48.419785+00:00,screenshots/barons.co.zw.png
iconmarketing.co.zw,100,,business,tech;media,hello-elementor,elementor;header-footer-elementor;premium-addons-for-elementor;royal-elementor-addons,143,2026-05-01T12:36:50.735335+00:00,screenshots/iconmarketing.co.zw.png
qb.co.zw,100,,business,tech;finance,customify,contact-form-7;elementor;woocommerce,110,2026-05-01T12:36:50.967741+00:00,screenshots/qb.co.zw.png
kiggen.co.zw,100,,business,real-estate,Divi,Divi-Ultimate-Footer-Plugin;popups-for-divi;xagio-seo,152,2026-05-01T12:36:58.442224+00:00,screenshots/kiggen.co.zw.png
radiozim.co.zw,100,,news,media,proradio,contact-form-7;elementor;icons2go;proradio-chartvote;proradio-dedications;proradio-elementor;proradio-reaktions;proradio-sidekick;proradio-simplechat;proradio-swipebox;proradio-videogalleries;qt-places;qtmplayer,214,2026-05-01T12:37:00.476776+00:00,screenshots/radiozim.co.zw.png
neguschronicles.co.zw,100,,blog,media,smart-mag,cleantalk-spam-protect;elementor;responsivevoice-text-to-speech,164,2026-05-01T12:37:01.929262+00:00,screenshots/neguschronicles.co.zw.png
n1hotel.co.zw,100,,ecommerce,hospitality,Avada,litespeed-cache;revslider,134,2026-05-01T12:37:04.464774+00:00,screenshots/n1hotel.co.zw.png
ri.msu.ac.zw,100,,education,tech,research-innovation,download-manager;elementor;elementskit-lite;essential-addons-for-elementor-lite;header-footer-elementor;lastudio-element-kit;makohflow-slider;newsify;research-innovation;staff-profiles,243,2026-05-01T12:37:07.596131+00:00,screenshots/ri.msu.ac.zw.png
thezimbabwetimes.co.zw,78,,news,media,soledad,contact-form-7;elementor;jetpack;penci-portfolio;penci-recipe;penci-review;penci-shortcodes;webpushr-web-push-notifications,824,2026-05-01T12:37:10.241540+00:00,screenshots/thezimbabwetimes.co.zw.png
mealiebrand.co.zw,100,,ecommerce,agriculture;retail,Divi,google-site-kit;woocommerce,190,2026-05-01T12:37:13.865908+00:00,screenshots/mealiebrand.co.zw.png
backasable.co.zw,100,,other,other,hello-elementor,Paynow-for-WooCommerce-master;elementor;jeg-elementor-kit;metform;wc-donation-platform;woo-checkout-field-editor-pro;woocommerce,347,2026-05-01T12:37:15.210346+00:00,screenshots/backasable.co.zw.png
kipros.co.zw,100,,business,real-estate,kadence,click-to-chat-for-whatsapp;elementor;royal-elementor-addons;the-post-grid,95,2026-05-01T12:37:18.828701+00:00,screenshots/kipros.co.zw.png
dulys.co.zw,100,,ecommerce,retail;transport,hello-elementor,complianz-gdpr;elementor;elementor-pro;essential-addons-for-elementor-lite;header-footer-elementor,178,2026-05-01T12:37:20.921022+00:00,screenshots/dulys.co.zw.png
mic.gov.zw,98,,government,other,,,,,
mines.gov.zw,98,,government,mining,,,,,
energy.gov.zw,98,,government,energy,,,,,
gillfunsteel.co.zw,100,,business,mining,,,,,
safeafricarealestate.co.zw,100,,ecommerce,real-estate,,,,,
jobs.bambazonke.co.zw,100,,business,tech;retail,,,,,
gogodeliveryexpress.co.zw,100,,ecommerce,transport;retail,,,,,
gmbdura.co.zw,90,,government,agriculture,,,,,
abdeel.co.zw,73,,other,other,,,,,
orleanscarrental.co.zw,100,,ecommerce,hospitality;transport,,,,,
testdomain6.gov.zw,100,,government,other,,,,,
ucaz.org.zw,100,,government,legal,,,,,
pmiz.org.zw,78,,other,other,,,,,
nbsz.co.zw,100,,ngo,health,,,,,
bardproperty.co.zw,100,,business,real-estate,,,,,
mbawala.co.zw,100,,other,other,,,,,
trinity.org.zw,93,,ngo,other,,,,,
saywhat.org.zw,100,,ngo,health,,,,,
qualitysurveillance.co.zw,100,,business,tech;retail,,,,,
supremesigns.co.zw,100,,business,retail;tech,,,,,
sustenergy.co.zw,100,,business,energy;tech,,,,,
caaps.co.zw,100,,business,retail;tech,,,,,
secnet.co.zw,100,,education,education,,,,,
thetelescope.co.zw,100,,business,hospitality;tourism,,,,,
goldenconifer.co.zw,100,,business,hospitality,,,,,
calla.co.zw,100,,other,,,,,,
natpharm.co.zw,100,,business,health;retail,,,,,
orangeturf.co.zw,90,,business,retail,,,,,
suzukiassoc.co.zw,100,,ngo,education,,,,,
zimbabwedomains.co.zw,85,,business,tech,,,,,
pachikoro.co.zw,78,,other,,,,,,
shabachdigital.co.zw,100,,business,tech;media,,,,,
venetianschampions.co.zw,100,,business,retail,,,,,
ww5.msu.ac.zw,100,,education,education,,,,,
selvineconsultancy.co.zw,73,,business,finance;legal,,,,,
sealachem.co.zw,100,,business,tech;retail,,,,,
dzimbajaravaza.co.zw,100,,business,legal,,,,,
doglovers.co.zw,98,,ecommerce,retail,,,,,
vitalscales.co.zw,100,,business,retail;tech,,,,,
tjassociates.co.zw,100,,business,legal;tech,,,,,
craftmetric.co.zw,100,,business,retail;tech,,,,,
domccp.co.zw,100,,religious,health,,,,,
rosacare.org.zw,100,,ngo,health,,,,,
grandfireservices.co.zw,100,,business,retail,,,,,
libraries.msu.ac.zw,78,,education,tech,,,,,
globalturbo.co.zw,100,,business,other,,,,,
nationalgallery.co.zw,100,,other,media,,,,,
zfrpa.co.zw,100,,ngo,agriculture,,,,,
outofafrica.co.zw,90,,business,media,,,,,
enterprises.msu.ac.zw,100,,education,tech,,,,,
library.msuas.ac.zw,100,,education,tech,,,,,
cpchem.co.zw,100,,business,agriculture;retail,,,,,
abam.co.zw,100,,business,media;tech,,,,,
timelessauctions.co.zw,100,,ecommerce,retail,,,,,
medicalimaging.co.zw,100,,business,health,,,,,
zimbca.co.zw,100,,ngo,legal,,,,,
p31woman.co.zw,100,,blog,media,,,,,
toppersuniforms.co.zw,100,,ecommerce,retail,,,,,
propertysolutions.co.zw,100,,business,real-estate,,,,,
medix.co.zw,85,,other,tech,,,,,
mazowerdc.co.zw,100,,government,,,,,,
kudfort.co.zw,100,,business,real-estate,,,,,
creative.co.zw,100,,business,finance,,,,,
ndeipi.co.zw,100,,business,hospitality,,,,,
adept.co.zw,100,,business,tech,,,,,
events.thinklocal.co.zw,78,,business,other,,,,,
kevdigital.co.zw,100,,business,tech,,,,,
lamcast.co.zw,100,,business,other,,,,,
sentinel.co.zw,100,,business,tech,,,,,
stfrancisofassisiwaterfalls.co.zw,100,,other,hospitality,,,,,
kmnsecurityservices.co.zw,100,,business,other,,,,,
catholicdioceseofgweru.co.zw,100,,religious,,,,,,
dreams.co.zw,100,,business,finance,,,,,
kulu.co.zw,100,,business,energy,,,,,
drillforce.co.zw,100,,business,agriculture,,,,,
labpartners.co.zw,100,,business,health,,,,,
coverzen.co.zw,100,,business,finance,,,,,
zimalbino.co.zw,100,,ngo,health,,,,,
sewtex.co.zw,100,,ecommerce,retail,,,,,
ballatech.co.zw,98,,business,tech,,,,,
beautyworx.co.zw,100,,business,retail,,,,,
tidamotors.co.zw,100,,business,transport;retail,,,,,
vtu.co.zw,100,,business,hospitality,,,,,
ksfa.co.zw,100,,education,hospitality,,,,,
farmec.co.zw,100,,other,other,,,,,
zimbearings.co.zw,100,,business,mining;agriculture;transport,,,,,
lcshipping.co.zw,100,,business,transport,,,,,
abynca.co.zw,100,,business,other,,,,,
zimceo.co.zw,100,,business,other,,,,,
sterlinghospital.co.zw,100,,business,health,,,,,
zimetro.co.zw,100,,news,media,,,,,
zimbabwehot100.co.zw,100,,blog,media,,,,,
bwmedia.co.zw,78,,other,other,,,,,
crocomotors.co.zw,90,,business,retail;transport,,,,,
stateofthenation.co.zw,100,,other,other,,,,,
vivianmatsa.co.zw,100,,business,legal,,,,,
zimbabwewebhosting.co.zw,90,,business,tech,,,,,
msuas.ac.zw,100,,education,agriculture,,,,,
stonezimtravel.co.zw,93,,business,transport;hospitality,,,,,
motherpatrickconvent.ac.zw,88,,education,other,,,,,
incaptta.co.zw,73,,business,agriculture;retail,,,,,
morganzintec.ac.zw,100,,education,tech,,,,,
gpapartments.co.zw,100,,business,hospitality;real-estate,,,,,
wico.org.zw,100,,ngo,other,,,,,
zimluanda.gov.zw,100,,government,,,,,,
starpainters.co.zw,100,,business,retail,,,,,
wau.org.zw,100,,ngo,agriculture,,,,,
zimimmigration.gov.zw,98,,government,,,,,,
countryclub.co.zw,100,,business,hospitality;real-estate,,,,,
zimlusaka.gov.zw,100,,government,,,,,,
afrobloggers.org.zw,93,,blog,media,,,,,
septic-emptying.co.zw,100,,business,retail,,,,,
zimstockholm.gov.zw,98,,government,,,,,,
znbwcb.gov.zw,98,,government,,,,,,
cardinalacc.co.zw,93,,business,finance;legal,,,,,
laptopzone.co.zw,93,,ecommerce,tech;retail,,,,,
zrp.gov.zw,98,,government,,,,,,
thirdman.co.zw,100,,business,transport,,,,,
laptopsdirect.co.zw,100,,ecommerce,tech;retail,,,,,
zimskills.gov.zw,98,,government,,,,,,
mpslsw.gov.zw,78,,government,finance,,,,,
convox.innovura.co.zw,100,,business,tech,,,,,
zilan.org.zw,100,,ngo,agriculture,,,,,
cafca.co.zw,100,,ecommerce,tech;retail,,,,,
agriculture.co.zw,100,,news,agriculture;media,,,,,
zimbabweanpatriot.co.zw,100,,news,media,,,,,
megamedia.co.zw,100,,business,retail;media,,,,,
donminteiro.co.zw,100,,ecommerce,retail,,,,,
mez.co.zw,100,,business,hospitality,,,,,
driptech.co.zw,78,,business,agriculture;tech,,,,,
4thecity.org.zw,100,,blog,media,,,,,
fairhaven.co.zw,100,,business,tech,,,,,
wakandasolar.co.zw,100,,blog,energy,,,,,
mdlawchambers.co.zw,100,,business,legal,,,,,
propshaftscenter.co.zw,100,,business,transport,,,,,
megapak.co.zw,100,,business,retail,,,,,
aaomar.co.zw,100,,business,finance,,,,,
afrimedia.co.zw,100,,business,tech;media,,,,,
proskills.co.zw,100,,education,tech,,,,,
mic.co.zw,100,,business,health,,,,,
ardcz.org.zw,100,,government,agriculture,,,,,
paperplane.co.zw,100,,ecommerce,retail,,,,,
netlarks.co.zw,100,,other,tech,,,,,
migym.co.zw,100,,business,health;hospitality,,,,,
albtin.co.zw,100,,business,media,,,,,
tileandcarpetcentre.co.zw,100,,ecommerce,retail,,,,,
awet.org.zw,100,,ngo,other,,,,,
ptcattorneys.co.zw,100,,business,legal,,,,,
innocraft.co.zw,100,,business,tech,,,,,
icreate.co.zw,100,,business,media;tech,,,,,
centenary.co.zw,100,,education,other,,,,,
infinitecrosswise.co.zw,100,,business,real-estate;tech,,,,,
bhc.co.zw,100,,other,other,,,,,
library.msu.ac.zw,100,,education,other,,,,,
pcbz.co.zw,100,,business,tech,,,,,
zimparks.org.zw,70,,government,other,,,,,
landshapers.co.zw,100,,business,real-estate,,,,,
compstats.co.zw,100,,business,tech,,,,,
farmershelp.co.zw,100,,business,agriculture,,,,,
metroambulances.co.zw,100,,business,health,,,,,
pestportal.co.zw,100,,business,retail,,,,,
newshour.co.zw,100,,news,media,,,,,
petals.co.zw,100,,business,retail,,,,,
pestcontrolnetwork.co.zw,100,,business,retail,,,,,
nexasgas.co.zw,100,,business,energy;retail,,,,,
nbs.co.zw,100,,business,finance,,,,,
csi.co.zw,83,,business,transport,,,,,
petreans.co.zw,100,,other,other,,,,,
centurytechnology.co.zw,100,,business,tech,,,,,
chengeto.co.zw,100,,business,energy;other,,,,,
kumushasolar.co.zw,100,,business,energy,,,,,
dktoursandsafaris.co.zw,100,,business,hospitality,,,,,
walkingtractors.co.zw,100,,business,agriculture;retail,,,,,
newziana.co.zw,100,,news,media,,,,,
zimdef.org.zw,100,,government,other,,,,,
supremebrands.co.zw,100,,business,retail,,,,,
vortexdrilling.co.zw,98,,business,mining,,,,,
qutanga.co.zw,88,,blog,other,,,,,
afrocube.co.zw,100,,business,tech,,,,,
basechurch.org.zw,100,,religious,other,,,,,
capitalfoods.co.zw,100,,ecommerce,agriculture;retail,,,,,
innovatesafety.co.zw,100,,ecommerce,retail;tech,,,,,
lanforce.co.zw,100,,business,energy;agriculture,,,,,
aju.ac.zw,93,,education,education,,,,,
nestien.co.zw,100,,business,other,,,,,
ncc-zim.co.zw,100,,government,legal;tech,,,,,
septictankremovals.co.zw,100,,business,other,,,,,
cellmed.co.zw,93,,business,finance;health,,,,,
carmelschool.co.zw,100,,education,education,,,,,
archedusechre.ac.zw,100,,religious,other,,,,,
shokofestival.co.zw,100,,other,other,,,,,
andersonadventist.ac.zw,100,,religious,education,,,,,
rank.co.zw,100,,ecommerce,retail,,,,,
shapeitadhesives.co.zw,100,,ecommerce,retail,,,,,
agrifoods.co.zw,100,,business,agriculture;retail,,,,,
ctbolts.co.zw,100,,business,retail;other,,,,,
diy.co.zw,100,,blog,retail,,,,,
ravenshield.co.zw,100,,business,other,,,,,
games.cryptosine.co.zw,100,,business,tech;media,,,,,
nectacare.co.zw,93,,business,finance;health,,,,,
bondolfiteacherscollege.ac.zw,100,,education,other,,,,,
binduranickel.co.zw,100,,business,mining,,,,,
zhi.org.zw,100,,ngo,health,,,,,
biddulphs.co.zw,100,,business,transport,,,,,
shetco.co.zw,100,,business,tech,,,,,
rdconsulting.co.zw,100,,business,legal,,,,,
tip-off.co.zw,100,,business,tech;legal,,,,,
cellservices.co.zw,100,,blog,other,,,,,
library.buse.ac.zw,78,,education,other,,,,,
zimbusiness.co.zw,90,,business,other,,,,,
bataafrika.co.zw,100,,business,tech,,,,,
totems.co.zw,100,,other,other,,,,,
passionpoultry.co.zw,100,,business,agriculture,,,,,
zimgeo.co.zw,100,,business,tech,,,,,
binaryoptions.co.zw,100,,blog,finance,,,,,
redblue.co.zw,100,,business,retail,,,,,
dadaya.co.zw,100,,education,other,,,,,
ketamineclinic.co.zw,100,,business,health,,,,,
gsb.buse.ac.zw,100,,education,other,,,,,
petrotrade.co.zw,100,,business,energy,,,,,
cpay.co.zw,100,,business,finance;tech,,,,,
zimbabweacademyofmusic.org.zw,100,,education,media;other,,,,,
autoecuservicezim.co.zw,100,,ecommerce,retail;tech,,,,,
cendel.co.zw,100,,blog,other,,,,,
swift.co.zw,100,,other,other,,,,,
agrishow.co.zw,100,,business,agriculture;media,,,,,
viconion.co.zw,100,,ecommerce,retail;tech,,,,,
agrimillingstockfeeds.co.zw,100,,business,agriculture;retail,,,,,
becsa.ac.zw,100,,education,other,,,,,
touchstone.co.zw,100,,business,tech;finance,,,,,
kuchiva.co.zw,100,,ecommerce,retail;agriculture,,,,,
ahpcz.co.zw,100,,ngo,health;other,,,,,
law.co.zw,100,,government,legal;other,,,,,
ecocashbettingsites.co.zw,100,,business,finance;other,,,,,
magayasecondary.mopse.ac.zw,100,,education,other,,,,,
radiosolutions.co.zw,100,,business,tech;energy,,,,,
fawcetts.co.zw,100,,business,tech;other,,,,,
ravenduchess.co.zw,100,,blog,media;other,,,,,
kapondaprimary.mopse.ac.zw,100,,education,other,,,,,
caa.ac.zw,100,,other,other,,,,,
realsound.co.zw,93,,business,hospitality,,,,,
stclavernyikaprimary.mopse.ac.zw,100,,education,,,,,,
lbbrahmans.co.zw,100,,business,agriculture,,,,,
cannaqure.co.zw,100,,ecommerce,health;retail,,,,,
cpengineers.co.zw,85,,other,tech,,,,,
czi.co.zw,100,,business,other,,,,,
tacc.co.zw,100,,religious,,,,,,
ledgerpaints.co.zw,100,,business,retail,,,,,
dreamshiring.co.zw,100,,business,hospitality,,,,,
goldenbricks.co.zw,100,,business,other,,,,,
insidebusiness.co.zw,100,,news,media,,,,,
pearlville.co.zw,100,,business,real-estate,,,,,
walwenfreight.co.zw,100,,business,transport,,,,,
theprestige.co.zw,100,,ecommerce,retail,,,,,
ecological.co.zw,75,,business,hospitality;transport,,,,,
fibrehood.co.zw,93,,other,,,,,,
intwasa.co.zw,100,,ngo,media,,,,,
greensonline.co.zw,100,,ecommerce,retail,,,,,
bgh.ac.zw,100,,education,,,,,,
kitft.co.zw,100,,ngo,hospitality,,,,,
wanderlustsafaris.co.zw,100,,business,hospitality,,,,,
edohart.co.zw,100,,business,retail,,,,,
edgars.co.zw,100,,ecommerce,retail,,,,,
firstpackservices.co.zw,100,,business,tech,,,,,
internalcontrolinstitute.co.zw,100,,ngo,legal,,,,,
contruckafrica.co.zw,100,,business,real-estate,,,,,
groundup.co.zw,100,,business,finance,,,,,
veritaslogistics.co.zw,100,,business,transport,,,,,
ipec.co.zw,100,,government,finance,,,,,
trafficsafety.co.zw,80,,government,transport,,,,,
halal.co.zw,100,,ngo,retail;health,,,,,
shreveportfreight.co.zw,100,,business,transport,,,,,
arundel.ac.zw,100,,education,other,,,,,
medicalert.co.zw,100,,business,health,,,,,
flint.co.zw,100,,business,retail;energy,,,,,
idc.co.zw,90,,government,finance,,,,,
totalmedia.co.zw,100,,business,media,,,,,
startupbiz.co.zw,88,,blog,tech;finance,,,,,
mednet.co.zw,100,,business,health;finance,,,,,
watercorp.co.zw,100,,government,energy,,,,,
culturewarriorstrust.co.zw,93,,ngo,media;education,,,,,
colaz.org.zw,100,,education,other,,,,,
cab.co.zw,100,,business,retail;tech,,,,,
pcd.co.zw,100,,business,health;retail,,,,,
iprc.co.zw,100,,education,media,,,,,
tottengram.co.zw,100,,business,finance,,,,,
azzar.co.zw,100,,other,,,,,,
agrimed.co.zw,100,,ngo,health;agriculture,,,,,
ccjphre.org.zw,100,,religious,legal,,,,,
stattorneys.co.zw,100,,business,legal,,,,,
indale.co.zw,100,,business,retail;transport,,,,,
steelcentre.co.zw,100,,business,retail,,,,,
mif.co.zw,100,,business,finance,,,,,
lighthouse.co.zw,100,,ngo,other,,,,,
townstech.co.zw,100,,business,tech,,,,,
zimcurrentaffairs.co.zw,100,,news,media,,,,,
dsazim.org.zw,100,,ngo,other,,,,,
fastenit.co.zw,93,,business,retail,,,,,
gwaunzamapota.co.zw,100,,business,legal,,,,,
timebank.co.zw,100,,business,finance,,,,,
chitungwizapublicity.org.zw,95,,ngo,media,,,,,
cite.org.zw,100,,news,media,,,,,
web3.co.zw,100,,business,tech,,,,,
redgranite.co.zw,100,,business,mining,,,,,
mutendihighschool.ac.zw,100,,education,,,,,,
zimnat.co.zw,100,,business,finance,,,,,
ccz.org.zw,100,,ngo,legal,,,,,
library.nust.ac.zw,100,,education,,,,,,
pacczim.ac.zw,100,,education,,,,,,
talarius.co.zw,93,,business,tech,,,,,
limitless.co.zw,100,,business,tech,,,,,
crediblehost.co.zw,88,,business,tech,,,,,
mitchellcotts.co.zw,100,,business,transport,,,,,
fiz.co.zw,100,,business,retail;health,,,,,
factcheck.cite.org.zw,100,,news,media,,,,,
zpba.org.zw,100,,other,other,,,,,
ladsafrica.co.zw,100,,other,other,,,,,
flowertiqueflorist.co.zw,100,,ecommerce,retail,,,,,
zimquest.co.zw,100,,ecommerce,hospitality,,,,,
infiniteestate.co.zw,100,,business,real-estate,,,,,
lifasolutions.co.zw,100,,business,tech;media,,,,,
zimpackaging.co.zw,100,,business,retail,,,,,
promisetracker.cite.org.zw,100,,ngo,media,,,,,
nethero.co.zw,78,,other,other,,,,,
mobilcorner.co.zw,100,,ecommerce,retail;tech,,,,,
rcu.ac.zw,100,,education,other,,,,,
mutarepolytechnic.ac.zw,100,,education,other,,,,,
emeraldhome.org.zw,100,,ngo,other,,,,,
tafrivan.co.zw,100,,other,other,,,,,
zuj.org.zw,100,,ngo,media,,,,,
dzimbabweindustries.co.zw,100,,business,retail,,,,,
zimoco.co.zw,100,,other,other,,,,,
mollsoncleaners.co.zw,100,,business,other,,,,,
thinkit.co.zw,100,,business,tech,,,,,
interlogix.co.zw,100,,business,transport,,,,,
travelconnect.co.zw,100,,ecommerce,transport;hospitality,,,,,
gwandardc.co.zw,100,,government,other,,,,,
amacon.co.zw,100,,business,other,,,,,
bkpainters.co.zw,100,,business,other,,,,,
costcutter.co.zw,100,,ecommerce,transport,,,,,
lithshop.co.zw,100,,ecommerce,energy;tech,,,,,
ironlife.co.zw,100,,ecommerce,retail,,,,,
reeflite.co.zw,100,,other,other,,,,,
zsaes.org.zw,100,,business,agriculture,,,,,
zimplaza.co.zw,85,,business,tech,,,,,
zimplazajobs.co.zw,90,,business,tech,,,,,
aluconsult.co.zw,100,,business,tech,,,,,
bestpractices.co.zw,100,,business,tech,,,,,
ammz.co.zw,75,,business,mining,,,,,
market.ama.co.zw,100,,government,agriculture,,,,,
noticeboard.co.zw,100,,other,other,,,,,
news.pindula.co.zw,100,,news,media,,,,,
tracparts.co.zw,100,,business,agriculture,,,,,
grosvenorhouse.co.zw,100,,business,hospitality,,,,,
anniversary.ipec.co.zw,100,,government,legal,,,,,
lobelsbiscuits.co.zw,100,,business,retail,,,,,
zimintax.co.zw,100,,education,finance;legal,,,,,
pearlspot.co.zw,100,,business,retail,,,,,
shumbacoopers.co.zw,100,,business,agriculture;health,,,,,
amorsport.co.zw,100,,ecommerce,retail,,,,,
swh.co.zw,100,,business,retail,,,,,
stgileszim.co.zw,100,,business,health,,,,,
northolt.co.zw,100,,business,finance,,,,,
nmbproperties.co.zw,93,,business,real-estate,,,,,
bokwesttrucking.co.zw,100,,business,transport,,,,,
www5.zimsec.co.zw,90,,government,education,,,,,
cycling.co.zw,100,,blog,retail,,,,,
myeclass.ac.zw,100,,education,tech,,,,,
zlhr.org.zw,100,,ngo,legal,,,,,
newfuture.co.zw,88,,other,,,,,,
bain.co.zw,75,,business,other,,,,,
blackcrystal.co.zw,100,,business,tech,,,,,
mimarshmedia.co.zw,100,,business,media;tech,,,,,
tankerworld.co.zw,80,,business,transport,,,,,
kilomarket.co.zw,100,,business,tech;media,,,,,
blacktoe.co.zw,100,,business,tech;media,,,,,
ctrade.co.zw,100,,business,other,,,,,
ecz.co.zw,80,,government,other,,,,,
daltonyorksafaris.co.zw,100,,business,hospitality,,,,,
destinyschools.ac.zw,100,,education,education,,,,,
cbs.ac.zw,100,,education,tech,,,,,
bestzonepharmacies.co.zw,100,,business,health;retail,,,,,
mmba.co.zw,100,,business,legal,,,,,
zimrugbyshop.co.zw,100,,ecommerce,retail,,,,,
pigad.co.zw,100,,ngo,other,,,,,
danzigerandpartners.co.zw,100,,business,legal,,,,,
metpole.co.zw,98,,business,tech,,,,,
csz.org.zw,100,,ngo,tech,,,,,
gowildtours.co.zw,100,,business,hospitality;transport,,,,,
firmcare.co.zw,100,,business,real-estate,,,,,
groundswell.co.zw,88,,business,real-estate,,,,,
selfcare.zimnat.co.zw,100,,business,finance,,,,,
nethosting.co.zw,100,,business,tech,,,,,
leengate.co.zw,100,,business,real-estate,,,,,
aluminiumdesignworks.co.zw,100,,business,tech,,,,,
genetics.cut.ac.zw,100,,education,agriculture,,,,,
dapletsolutions.co.zw,100,,business,tech;telecom,,,,,
loa.co.zw,100,,ngo,finance,,,,,
chingeyalegal.co.zw,100,,business,legal,,,,,
pmb.co.zw,100,,business,real-estate,,,,,
afrogazette.co.zw,100,,news,media,,,,,
lcn.co.zw,100,,business,telecom;tech,,,,,
tambarara.co.zw,73,,other,hospitality,,,,,
datcitizen.co.zw,100,,business,media;tech,,,,,
ellchart.ac.zw,100,,education,finance,,,,,
zimmidas.co.zw,90,,ecommerce,retail;transport,,,,,
library.rcu.ac.zw,100,,education,other,,,,,
fittedkitchens.co.zw,100,,business,retail;real-estate,,,,,
gtssecurity.co.zw,88,,business,tech;retail,,,,,
dbworks.co.zw,100,,other,tech,,,,,
plumtreetowncouncil.co.zw,100,,government,other,,,,,
pmconsultancy.co.zw,100,,business,legal,,,,,
nhaka.co.zw,100,,business,real-estate,,,,,
chipej.co.zw,100,,business,tech,,,,,
decision1.co.zw,100,,business,tech;media,,,,,
daws.co.zw,100,,ecommerce,mining;agriculture;transport,,,,,
pinpointtracking.co.zw,100,,blog,media;tech,,,,,
rhodesnyangahotel.co.zw,100,,other,hospitality,,,,,
gatewayctc.ac.zw,100,,education,other,,,,,
greentecenergy.co.zw,98,,business,energy;tech,,,,,
mmattorneys.co.zw,100,,business,legal,,,,,
ipr.co.zw,100,,business,finance,,,,,
efoods.co.zw,95,,ecommerce,retail;hospitality,,,,,
gsu.ac.zw,100,,education,other,,,,,
siontools.co.zw,98,,business,tech,,,,,
cchikwenengere.co.zw,100,,business,transport,,,,,
skinnersauto.co.zw,100,,business,transport;retail,,,,,
babe.net.co.zw,100,,other,other,,,,,
culinaryartsacademy.co.zw,100,,education,hospitality,,,,,
dmma.co.zw,100,,other,other,,,,,
bluefinrisk.co.zw,100,,business,finance,,,,,
netrade.co.zw,100,,business,retail,,,,,
smartuniforms.co.zw,100,,ecommerce,retail,,,,,
netedge.co.zw,100,,business,tech;transport,,,,,
showcaseit.co.zw,100,,business,tech,,,,,
skyport.co.zw,100,,business,transport,,,,,
cimas.co.zw,90,,business,health;finance,,,,,
contactfcc.co.zw,100,,other,other,,,,,
noahsarkteams.co.zw,100,,business,hospitality,,,,,
leensfunctionsflair.co.zw,100,,business,hospitality,,,,,
cheztravel.co.zw,100,,business,transport;hospitality,,,,,
novafeed.co.zw,100,,business,agriculture,,,,,
skyview.co.zw,100,,business,transport,,,,,
digitaleconomyconference.org.zw,100,,business,tech,,,,,
traverzetravel.co.zw,100,,business,transport;hospitality,,,,,
chemicalplus.co.zw,85,,business,tech;other,,,,,
tdih.co.zw,100,,blog,media,,,,,
zimgospelmasters.co.zw,100,,religious,media,,,,,
ama.co.zw,100,,government,agriculture,,,,,
nhc.co.zw,100,,government,retail;media,,,,,
media.rechargeafrica.co.zw,100,,business,media,,,,,
goptstove.co.zw,100,,ecommerce,energy;tech,,,,,
hararemagazine.co.zw,100,,news,media,,,,,
emerge.co.zw,100,,business,media,,,,,
transmiracopetroleum.co.zw,100,,business,energy,,,,,
hakagamepark.co.zw,100,,business,hospitality,,,,,
travelsavvy.co.zw,85,,ecommerce,transport,,,,,
tmlawyers.co.zw,100,,business,legal,,,,,
tax.co.zw,90,,business,finance;legal,,,,,
smartmeters.co.zw,100,,business,energy;tech,,,,,
tps.co.zw,100,,business,real-estate,,,,,
stgeorges.co.zw,93,,education,,,,,,
flutterby.co.zw,100,,business,retail,,,,,
eisaz.co.zw,100,,business,mining;tech,,,,,
freightworld.co.zw,100,,business,transport,,,,,
healthtimes.co.zw,100,,news,health;media,,,,,
dayforce.co.zw,100,,business,retail;finance,,,,,
eeztel.co.zw,100,,business,telecom;tech,,,,,
zoppa.org.zw,100,,ngo,agriculture,,,,,
dataanalysis.co.zw,100,,business,tech,,,,,
vivamarketing.co.zw,100,,business,retail,,,,,
tpg.co.zw,100,,business,other,,,,,
friendlyacademy.co.zw,100,,education,,,,,,
flayaz.co.zw,95,,business,tech,,,,,
epworthhigh.ac.zw,93,,education,,,,,,
trustcon.co.zw,100,,business,tech,,,,,
folio.co.zw,100,,ecommerce,retail,,,,,
crestcraftengineering.co.zw,100,,business,tech,,,,,
focas.co.zw,100,,ngo,energy,,,,,
revitusreit.co.zw,100,,business,real-estate;finance,,,,,
wilsoft.co.zw,100,,business,tech,,,,,
cilt.co.zw,100,,business,transport,,,,,
exxtreme.co.zw,100,,business,media,,,,,
fingrow.co.zw,100,,business,finance,,,,,
westendclinic.co.zw,100,,business,health,,,,,
dawnpropertyconsult.co.zw,73,,business,real-estate,,,,,
bluehillscamp.co.zw,95,,business,hospitality,,,,,
instacare.co.zw,100,,business,health,,,,,
winlux.co.zw,100,,business,retail,,,,,
freshspot.co.zw,93,,other,,,,,,
wfdr.co.zw,100,,business,finance,,,,,
hastt.co.zw,98,,business,agriculture,,,,,
zimschool.co.zw,100,,education,tech,,,,,
innovura.co.zw,100,,business,tech,,,,,
iyasa.co.zw,98,,education,other,,,,,
willdale.co.zw,100,,business,other,,,,,
itel.co.zw,100,,business,telecom,,,,,
blendplants.co.zw,85,,business,mining;agriculture,,,,,
islandhospice.co.zw,100,,business,health,,,,,
zimining.co.zw,100,,business,mining,,,,,
philaxy.co.zw,100,,business,finance,,,,,
zimbabwewebdesign.co.zw,90,,business,tech,,,,,
lucent.co.zw,100,,business,finance;legal,,,,,
elearning.co.zw,100,,education,tech,,,,,
mikesradiators.co.zw,98,,business,retail,,,,,
fozzby.co.zw,100,,ecommerce,retail;tech,,,,,
zischool.co.zw,100,,education,tech,,,,,
zec.org.zw,78,,government,other,,,,,
windmill.co.zw,100,,business,agriculture,,,,,
wintertons.co.zw,100,,business,legal,,,,,
gmc.org.zw,100,,ngo,media,,,,,
teamview.co.zw,100,,business,other,,,,,
frolgategroup.co.zw,100,,business,tech,,,,,
fost.co.zw,100,,ngo,agriculture,,,,,
ioez.co.zw,100,,ngo,tech,,,,,
tremmly.co.zw,100,,business,tech,,,,,
mmmlegalpractitioners.co.zw,100,,business,legal,,,,,
sizanehighame.ac.zw,100,,education,other,,,,,
silverbrook.co.zw,100,,business,real-estate,,,,,
taumrewa.co.zw,100,,blog,legal,,,,,
ziyahnews.co.zw,88,,news,media,,,,,
aic.co.zw,93,,business,finance,,,,,
nrz.co.zw,100,,government,transport,,,,,
bluewaters.co.zw,100,,business,health,,,,,
fertilizer.co.zw,100,,business,agriculture;retail,,,,,
freightsolutions.co.zw,100,,business,transport,,,,,
hac.co.zw,100,,other,,,,,,
zina-zw.org.zw,100,,ngo,health,,,,,
signola.co.zw,100,,ecommerce,retail;tech,,,,,
moonlight.co.zw,100,,business,finance,,,,,
chipulaplumbers.co.zw,78,,business,other,,,,,
foodgalahospitality.co.zw,100,,business,hospitality;education,,,,,
mrradiator.co.zw,100,,business,retail,,,,,
numbereighteen.co.zw,100,,business,hospitality,,,,,
numeri.co.zw,100,,other,,,,,,
jackslaundry.co.zw,100,,business,retail,,,,,
dataage.co.zw,100,,business,tech,,,,,
motorsportzimbabwe.co.zw,100,,business,other,,,,,
nrzcpf.co.zw,100,,business,finance,,,,,
hardmonds.co.zw,100,,business,energy,,,,,
cresolzim.co.zw,100,,business,finance;legal;tech,,,,,
muchiniattorneys.co.zw,100,,business,legal,,,,,
peterhousegroup.co.zw,100,,education,other,,,,,
lookingfor.co.zw,100,,other,other,,,,,
refair.co.zw,100,,business,retail;tech;energy,,,,,
taniamfreight.co.zw,100,,business,transport,,,,,
zimstat.co.zw,93,,government,other,,,,,
mrflyer.co.zw,100,,business,media;tech;retail,,,,,
ntsgroup.co.zw,100,,business,retail;transport,,,,,
mogda.co.zw,100,,government,other,,,,,
motornet.co.zw,100,,business,retail;transport,,,,,
logodesign.co.zw,90,,business,media;tech,,,,,
davipel.co.zw,100,,other,retail;health,,,,,
appliedcontrols.co.zw,100,,business,tech;energy;mining,,,,,
harveytile.org.zw,100,,business,retail;mining,,,,,
uzicss.uz.ac.zw,100,,education,health,,,,,
citimedhospital.co.zw,100,,business,health;retail,,,,,
madzivireattorneys.co.zw,100,,business,legal,,,,,
novicwater.co.zw,100,,ecommerce,retail;energy,,,,,
jaddem.co.zw,100,,other,other,,,,,
areteworld.co.zw,100,,other,other,,,,,
newspro.co.zw,100,,news,media,,,,,
humaneafricatrust.org.zw,100,,ngo,health,,,,,
sirdc.ac.zw,100,,education,tech,,,,,
boreholebandits.co.zw,100,,ecommerce,agriculture;energy,,,,,
moovah.co.zw,100,,other,finance,,,,,
aravas.co.zw,100,,ecommerce,health;retail,,,,,
peakwoodvillage.co.zw,100,,other,real-estate,,,,,
zimtipihire.co.zw,100,,ecommerce,hospitality,,,,,
mabushavenue.co.zw,100,,blog,other,,,,,
frosthouse.co.zw,100,,ecommerce,retail;tech,,,,,
cketchagilitydesigns.co.zw,78,,other,other,,,,,
mtfumigators.co.zw,100,,ecommerce,health;retail,,,,,
applered.co.zw,100,,other,tech,,,,,
westminster.co.zw,100,,education,other,,,,,
wgbkinsey.co.zw,100,,other,mining,,,,,
nzira.co.zw,100,,ecommerce,hospitality;transport,,,,,
rongamari.wanamari.co.zw,100,,other,finance,,,,,
lynxtech.co.zw,100,,ecommerce,tech;retail,,,,,
premiersteel.co.zw,100,,ecommerce,retail,,,,,
bozmic.co.zw,100,,business,transport,,,,,
kirscorner.zimsite.co.zw,100,,blog,,,,,,
160hydrofarm.zimsite.co.zw,100,,business,agriculture,,,,,
reeldon.co.zw,100,,business,retail,,,,,
arcfin.co.zw,100,,business,tech,,,,,
adr.ac.zw,100,,blog,,,,,,
chickenhut.co.zw,100,,business,hospitality;retail,,,,,
nwss.co.zw,100,,business,other,,,,,
breezefm.co.zw,100,,business,media,,,,,
pawmwrought.co.zw,100,,business,retail,,,,,
zimunda.co.zw,93,,blog,agriculture;media,,,,,
apexrainbow.co.zw,100,,other,,,,,,
hardscrabble.co.zw,100,,other,,,,,,
apex.co.zw,100,,business,energy;retail,,,,,
tsikdem.co.zw,100,,news,media,,,,,
nuclass.co.zw,100,,education,tech,,,,,
danox.co.zw,100,,business,retail,,,,,
fsg.co.zw,93,,business,agriculture,,,,,
archaluminium.co.zw,100,,business,retail,,,,,
motsohoney.co.zw,100,,business,agriculture;retail,,,,,
tropic.co.zw,100,,business,hospitality;retail;travel,,,,,
plus.co.zw,88,,business,other,,,,,
hartholdings.co.zw,100,,business,other,,,,,
pfnsolar.co.zw,100,,business,energy;tech,,,,,
gmsae.gzu.ac.zw,100,,education,agriculture;education,,,,,
tombstonelife.zimsite.co.zw,100,,business,finance;health,,,,,
zmwft.co.zw,100,,other,other,,,,,
chips.co.zw,100,,business,tech,,,,,
brightsparksolutions.co.zw,100,,ecommerce,retail;tech;energy,,,,,
thegrangeschool.ac.zw,100,,education,education;religious,,,,,
postonsunday.co.zw,100,,news,media,,,,,
empretec.co.zw,100,,ngo,tech;education,,,,,
datacopy.co.zw,100,,business,finance,,,,,
jdeedesigns.co.zw,100,,business,tech;media,,,,,
ww5.gwerupoly.ac.zw,78,,education,education,,,,,
hcls.gzu.ac.zw,100,,education,education;legal,,,,,
solarshack.co.zw,100,,ecommerce,energy;retail,,,,,
talent.co.zw,100,,business,tech,,,,,
arcwellinsurance.co.zw,90,,business,finance,,,,,
mowbrat.co.zw,100,,business,transport,,,,,
pioneeringhealth.co.zw,100,,business,health,,,,,
jnsss.gzu.ac.zw,100,,education,tech,,,,,
msadvisory.co.zw,100,,business,finance,,,,,
riveroflifechurch.co.zw,100,,religious,other,,,,,
righthaus.co.zw,95,,business,real-estate,,,,,
skypharma.co.zw,100,,business,health;retail,,,,,
ict.gzu.ac.zw,100,,education,tech,,,,,
hawkersiddeley.co.zw,100,,business,tech;energy,,,,,
bridgecleaners.co.zw,100,,business,other,,,,,
cityparking.co.zw,100,,business,transport,,,,,
techshop.co.zw,85,,ecommerce,tech;retail,,,,,
popandplay.co.zw,100,,business,tech,,,,,
fpa.ac.zw,100,,education,tech,,,,,
clad.co.zw,100,,education,tech,,,,,
nnlawpractice.co.zw,83,,business,legal,,,,,
softrite.co.zw,98,,business,tech,,,,,
smsmhs.gzu.ac.zw,100,,education,health;tech,,,,,
solardistrict.co.zw,100,,business,energy;retail,,,,,
tv.destinationzimbabwe.co.zw,100,,news,media,,,,,
nicolesanderson.co.zw,100,,blog,other,,,,,
shelter.co.zw,70,,business,finance;real-estate,,,,,
library.gzu.ac.zw,100,,education,other,,,,,
timecontrol.softrite.co.zw,100,,business,tech,,,,,
halaalzim.co.zw,88,,ngo,retail,,,,,
terezim.co.zw,100,,business,real-estate,,,,,
rgmshe.gzu.ac.zw,100,,education,other,,,,,
adc.ac.zw,80,,education,other,,,,,
climatebrief.co.zw,100,,news,media,,,,,
livinghope.co.zw,100,,religious,other,,,,,
ns.gzu.ac.zw,100,,education,other,,,,,
borrowdalevilla.co.zw,100,,business,real-estate,,,,,
thatonproperty.co.zw,100,,business,real-estate,,,,,
enaz.co.zw,98,,ngo,other,,,,,
vitalityfoods.co.zw,100,,business,retail;health,,,,,
hilmax.co.zw,100,,other,other,,,,,
eezystairs.co.zw,100,,business,retail,,,,,
celebrationinternationalschool.ac.zw,100,,education,other,,,,,
mtb.co.zw,100,,education,other,,,,,
umzingwanerdc.co.zw,100,,government,other,,,,,
jplp.co.zw,100,,business,legal,,,,,
dawnconsult.co.zw,73,,business,real-estate,,,,,
fambidzanai.org.zw,100,,other,,,,,,
history.co.zw,100,,ngo,media,,,,,
esgnetworkzimbabwe.co.zw,100,,business,finance;other,,,,,
wembleytools.co.zw,100,,business,retail,,,,,
hoodridge.co.zw,100,,business,tech;energy,,,,,
jibilika.org.zw,100,,ngo,media,,,,,
emcoz.co.zw,100,,other,,,,,,
magikalbmw.co.zw,100,,business,retail;transport,,,,,
loveshouldnthurt.org.zw,98,,ngo,health,,,,,
sopconsulting.co.zw,70,,business,tech,,,,,
braai.co.zw,93,,other,,,,,,
tuliptek.co.zw,100,,business,tech,,,,,
cityglass.co.zw,100,,business,retail,,,,,
ocmqs.co.zw,88,,business,legal,,,,,
planthire.co.zw,83,,business,transport;agriculture,,,,,
mbirerdc.org.zw,100,,government,,,,,,
ziwc.ac.zw,100,,education,other,,,,,
brandtech.co.zw,100,,business,tech,,,,,
hit.ac.zw,100,,education,tech,,,,,
kwekwecity.org.zw,100,,government,other,,,,,
muthengo.co.zw,100,,business,transport;hospitality,,,,,
zimche.ac.zw,100,,education,education,,,,,
garageforecourt.co.zw,100,,business,energy;retail,,,,,
ucpf.co.zw,100,,business,finance,,,,,
mukanyafinancialservices.co.zw,100,,business,finance;legal,,,,,
zru.co.zw,100,,other,other,,,,,
larchezim.org.zw,100,,ngo,health;other,,,,,
cliffsecurity.co.zw,100,,business,other,,,,,
zinwa.co.zw,100,,government,energy,,,,,
mtmattorneys.co.zw,100,,business,legal,,,,,
deridon.co.zw,78,,business,hospitality;transport,,,,,
sprachschuleinstitute.ac.zw,100,,education,education,,,,,
zim.ac.zw,100,,education,education,,,,,
arlac.co.zw,100,,ngo,legal;other,,,,,
jrm.org.zw,100,,religious,other,,,,,
marjen.co.zw,100,,business,mining;retail,,,,,
appertax.co.zw,100,,business,tech,,,,,
trogon.co.zw,100,,business,energy;tech,,,,,
primalair.co.zw,85,,business,tech;retail,,,,,
openclass.co.zw,100,,education,media,,,,,
treeoflifeadventures.co.zw,100,,business,hospitality,,,,,
onpointsolar.co.zw,100,,business,energy;tech,,,,,
mavambotrust.org.zw,100,,ngo,health,,,,,
attelecoms.co.zw,100,,business,telecom,,,,,
primebricks.co.zw,100,,business,real-estate,,,,,
esoft.co.zw,100,,business,tech,,,,,
primedental.co.zw,100,,business,health,,,,,
twt.co.zw,100,,business,retail;transport,,,,,
artcorp.co.zw,100,,business,retail,,,,,
primo.co.zw,75,,business,retail,,,,,
anixsys.co.zw,100,,other,tech,,,,,
busyworld.co.zw,100,,business,finance,,,,,
cossedemo.zmx.co.zw,100,,business,finance,,,,,
printflow.co.zw,93,,business,retail;tech,,,,,
prochem.co.zw,100,,business,retail,,,,,
jobsportal.co.zw,95,,business,other,,,,,
zimren.ac.zw,100,,education,tech,,,,,
esigodini.agriculture.ac.zw,100,,education,agriculture,,,,,
hevoifm.co.zw,100,,news,media,,,,,
macmutlaw.co.zw,100,,business,legal,,,,,
climatenewsroom.co.zw,100,,news,media,,,,,
muller-phipps.co.zw,100,,business,health;retail,,,,,
lucraft.co.zw,100,,business,tech,,,,,
divinefreight.co.zw,93,,business,transport,,,,,
ulendo.co.zw,100,,other,,,,,,
digitalprinting.co.zw,100,,business,tech;retail,,,,,
orangesolar.co.zw,100,,business,energy,,,,,
comkwik.co.zw,100,,other,,,,,,
zvieeo.co.zw,100,,ngo,other,,,,,
divinehealthcentre.co.zw,100,,business,health,,,,,
kyleprep.ac.zw,100,,education,,,,,,
sabarm.co.zw,83,,business,finance;legal,,,,,
coachgreens.co.zw,88,,education,other,,,,,
wrsswitchgear.co.zw,100,,business,hospitality;tech,,,,,
xplug.co.zw,93,,business,tech,,,,,
thegray.co.zw,100,,business,real-estate;hospitality,,,,,
rumero.co.zw,100,,blog,tech,,,,,
dissertations.co.zw,100,,education,other,,,,,
gentech.co.zw,100,,business,energy;tech,,,,,
gene.co.zw,100,,business,finance,,,,,
specialistsjunior.co.zw,100,,education,,,,,,
theblast.co.zw,100,,news,media,,,,,
tsholotshordc.co.zw,100,,government,,,,,,
geopomona.co.zw,100,,business,other,,,,,
excelelevators.co.zw,100,,business,other,,,,,
jtpservices.co.zw,100,,business,real-estate,,,,,
smartserve.co.zw,100,,business,finance,,,,,
turnpike.co.zw,100,,business,transport,,,,,
aurumaestheticsurgery.co.zw,100,,business,health,,,,,
expomix.co.zw,100,,business,tech,,,,,
kamatechprojects.co.zw,100,,business,tech,,,,,
expressmedia.co.zw,100,,business,media,,,,,
cjaccounting.co.zw,100,,business,finance,,,,,
theinternet.co.zw,100,,blog,tech,,,,,
gbg.co.zw,100,,blog,media,,,,,
citycloud.co.zw,100,,business,tech,,,,,
evolve.co.zw,100,,business,tech,,,,,
theobserverzim.co.zw,100,,news,media,,,,,
termitecontrol.co.zw,100,,business,health,,,,,
rongamari.co.zw,100,,business,finance,,,,,
digjet.co.zw,100,,ecommerce,retail;tech,,,,,
bridgewood.co.zw,100,,business,real-estate,,,,,
ultrabank.co.zw,100,,business,finance,,,,,
hwangetown.co.zw,100,,government,other,,,,,
cloverleaf.co.zw,100,,business,retail;transport,,,,,
digitalfoundry.co.zw,100,,business,tech;media,,,,,
hygienicservices.co.zw,100,,business,health,,,,,
arcpay.co.zw,100,,business,finance;tech,,,,,
zans.co.zw,100,,ngo,health,,,,,
silverbrookestate.co.zw,85,,business,real-estate,,,,,
springhubpublishing.co.zw,100,,business,media,,,,,
etickets.co.zw,100,,ecommerce,tech;hospitality,,,,,
zas.co.zw,100,,ngo,agriculture,,,,,
udcorp.co.zw,100,,business,real-estate,,,,,
marymount.ac.zw,100,,education,other,,,,,
zbms.co.zw,100,,ecommerce,retail,,,,,
codchem.co.zw,100,,business,other,,,,,
arlington.co.zw,100,,business,real-estate,,,,,
cmlawchambers.co.zw,100,,business,legal,,,,,
premiersound.co.zw,100,,business,media;retail;tech,,,,,
lkfri.org.zw,93,,education,tech;other,,,,,
etimes.co.zw,100,,news,finance;media,,,,,
musasa.co.zw,100,,ngo,health;other,,,,,
standardglobal.co.zw,100,,business,telecom;tech,,,,,
milestoneschools.ac.zw,100,,education,other,,,,,
mrbush.co.zw,100,,ecommerce,retail,,,,,
montrosejunior.ac.zw,100,,education,other,,,,,
batanaiprimary.mopse.ac.zw,100,,education,other,,,,,
davidguzuzusecondary.mopse.ac.zw,100,,education,other,,,,,
zuvapetroleum.co.zw,98,,business,energy,,,,,
turningpointinv.co.zw,100,,business,tech;mining,,,,,
themobilechef.co.zw,100,,business,hospitality;retail,,,,,
thabanizororai.co.zw,100,,ecommerce,retail,,,,,
oracsystems.co.zw,100,,business,tech;mining,,,,,
cmchain.co.zw,100,,business,tech;mining,,,,,
hsbricks.co.zw,100,,business,real-estate;retail,,,,,
royalvacations.co.zw,100,,business,hospitality;transport,,,,,
multilinkcargo.co.zw,100,,business,transport;other,,,,,
genixsolutions.co.zw,100,,business,tech,,,,,
premiummobility.co.zw,100,,ecommerce,transport;hospitality,,,,,
ccosa.ac.zw,100,,education,tech;other,,,,,
yorklodge.co.zw,100,,ecommerce,hospitality;real-estate,,,,,
prochoiceagritec.co.zw,100,,business,agriculture;tech,,,,,
bluelacerecycling.co.zw,100,,business,energy;tech,,,,,
specsaversopticians.co.zw,100,,ecommerce,health;retail,,,,,
davidguzuzuprimary.mopse.ac.zw,100,,education,tech,,,,,
valorngroup.co.zw,100,,business,other,,,,,
unclebearsparties.co.zw,100,,ecommerce,hospitality;retail,,,,,
unforgettablegifts.co.zw,100,,ecommerce,retail;tech,,,,,
genericconstruction.co.zw,100,,business,tech;real-estate,,,,,
investor.zb.co.zw,100,,business,finance,,,,,
climax.co.zw,100,,business,tech;hospitality,,,,,
artfarm.co.zw,100,,ngo,agriculture;tech,,,,,
commutalk.co.zw,100,,news,media,,,,,
diamondfm.co.zw,100,,news,media,,,,,
eternalventures.co.zw,93,,ecommerce,retail;tech;energy,,,,,
thedeck.co.zw,78,,ecommerce,hospitality,,,,,
twalatrust.co.zw,100,,ngo,other,,,,,
homelistings.co.zw,100,,ecommerce,real-estate,,,,,
musabvunda.co.zw,100,,business,health,,,,,
springvalehouse.co.zw,85,,education,other,,,,,
clivemalunga.co.zw,100,,blog,media,,,,,
germanconstruction.co.zw,100,,business,real-estate,,,,,
upnat.co.zw,100,,business,tech;energy,,,,,
eversharp.co.zw,100,,blog,media,,,,,
xtremeholdingsint.co.zw,100,,business,other,,,,,
springbase.co.zw,85,,business,tech;real-estate,,,,,
